sample	batch_file	task_id	status
ARID1A-0h-1_S40	/mnt/pikachu/SLAM-Seq-PE-results/prod_full_20260511T103908Z/samples/ARID1A-0h-1_S40/manifests/globus_batch.tsv	7e04a429-4d26-11f1-a939-0ea3589134b3	submitted
ARID1A-0h-2_S41	/mnt/pikachu/SLAM-Seq-PE-results/prod_full_20260511T103908Z/samples/ARID1A-0h-2_S41/manifests/globus_batch.tsv	48290b72-4d27-11f1-9671-02535127e3d7	submitted
ARID1A-0h-3_S42	/mnt/pikachu/SLAM-Seq-PE-results/prod_full_20260511T103908Z/samples/ARID1A-0h-3_S42/manifests/globus_batch.tsv	c9714609-4d27-11f1-98f4-0afffe4617ab	submitted
ARID1A-24h-1_S46	/mnt/pikachu/SLAM-Seq-PE-results/prod_full_20260511T103908Z/samples/ARID1A-24h-1_S46/manifests/globus_batch.tsv	ac246d79-4d28-11f1-9ce2-0ea3589134b3	submitted
ARID1A-24h-2_S47	/mnt/pikachu/SLAM-Seq-PE-results/prod_full_20260511T103908Z/samples/ARID1A-24h-2_S47/manifests/globus_batch.tsv	635622bf-4d29-11f1-a1c1-02535127e3d7	submitted
ARID1A-24h-3_S48	/mnt/pikachu/SLAM-Seq-PE-results/prod_full_20260511T103908Z/samples/ARID1A-24h-3_S48/manifests/globus_batch.tsv	24a198bf-4d2a-11f1-bf23-0afffe4617ab	submitted
ARID1A-6h-1_S43	/mnt/pikachu/SLAM-Seq-PE-results/prod_full_20260511T103908Z/samples/ARID1A-6h-1_S43/manifests/globus_batch.tsv	e0904d4f-4d2a-11f1-b319-0ea3589134b3	submitted
ARID1A-6h-2_S44	/mnt/pikachu/SLAM-Seq-PE-results/prod_full_20260511T103908Z/samples/ARID1A-6h-2_S44/manifests/globus_batch.tsv	018b4ba9-4d2c-11f1-822d-02535127e3d7	submitted
ARID1A-6h-3_S45	/mnt/pikachu/SLAM-Seq-PE-results/prod_full_20260511T103908Z/samples/ARID1A-6h-3_S45/manifests/globus_batch.tsv	cebd941c-4d2c-11f1-894b-02535127e3d7	submitted
ARID1A-no4su_S50	/mnt/pikachu/SLAM-Seq-PE-results/prod_full_20260511T103908Z/samples/ARID1A-no4su_S50/manifests/globus_batch.tsv	91e2bae5-4d2d-11f1-a3dc-0afffe4617ab	submitted
ARID3B-0h-1_S111	/mnt/pikachu/SLAM-Seq-PE-results/prod_full_20260511T103908Z/samples/ARID3B-0h-1_S111/manifests/globus_batch.tsv	31867d64-4d2e-11f1-8e0d-0afffe4617ab	submitted
ARID3B-0h-2_S112	/mnt/pikachu/SLAM-Seq-PE-results/prod_full_20260511T103908Z/samples/ARID3B-0h-2_S112/manifests/globus_batch.tsv	d835951c-4d2e-11f1-95af-0ea3589134b3	submitted
ARID3B-0h-3_S113	/mnt/pikachu/SLAM-Seq-PE-results/prod_full_20260511T103908Z/samples/ARID3B-0h-3_S113/manifests/globus_batch.tsv	7cf4bd2c-4d2f-11f1-ac55-0ea3589134b3	submitted
ARID3B-24h-1_S117	/mnt/pikachu/SLAM-Seq-PE-results/prod_full_20260511T103908Z/samples/ARID3B-24h-1_S117/manifests/globus_batch.tsv	a3e7b6a8-4d30-11f1-9617-0afffe4617ab	submitted
ARID3B-24h-2_S118	/mnt/pikachu/SLAM-Seq-PE-results/prod_full_20260511T103908Z/samples/ARID3B-24h-2_S118/manifests/globus_batch.tsv	7d1ff965-4d31-11f1-aa49-0ea3589134b3	submitted
ARID3B-24h-3_S119	/mnt/pikachu/SLAM-Seq-PE-results/prod_full_20260511T103908Z/samples/ARID3B-24h-3_S119/manifests/globus_batch.tsv	407d62af-4d32-11f1-80d4-0afffe4617ab	submitted
ARID3B-6h-1_S114	/mnt/pikachu/SLAM-Seq-PE-results/prod_full_20260511T103908Z/samples/ARID3B-6h-1_S114/manifests/globus_batch.tsv	13d5987c-4d33-11f1-acb5-0afffe4617ab	submitted
ARID3B-6h-2_S115	/mnt/pikachu/SLAM-Seq-PE-results/prod_full_20260511T103908Z/samples/ARID3B-6h-2_S115/manifests/globus_batch.tsv	db4fa577-4d33-11f1-88d9-0afffe4617ab	submitted
ARID3B-6h-3_S116	/mnt/pikachu/SLAM-Seq-PE-results/prod_full_20260511T103908Z/samples/ARID3B-6h-3_S116/manifests/globus_batch.tsv	abef3eb4-4d34-11f1-a8ee-0afffe4617ab	submitted
ATR-0h-1_S54	/mnt/pikachu/SLAM-Seq-PE-results/prod_full_20260511T103908Z/samples/ATR-0h-1_S54/manifests/globus_batch.tsv	86380516-4d35-11f1-aa30-0ea3589134b3	submitted
ATR-0h-2_S55	/mnt/pikachu/SLAM-Seq-PE-results/prod_full_20260511T103908Z/samples/ATR-0h-2_S55/manifests/globus_batch.tsv	659e7c2f-4d36-11f1-a37d-02535127e3d7	submitted
ATR-0h-3_S56	/mnt/pikachu/SLAM-Seq-PE-results/prod_full_20260511T103908Z/samples/ATR-0h-3_S56/manifests/globus_batch.tsv	12694433-4d38-11f1-99e5-0ea3589134b3	submitted
ATR-24h-1_S60	/mnt/pikachu/SLAM-Seq-PE-results/prod_full_20260511T103908Z/samples/ATR-24h-1_S60/manifests/globus_batch.tsv	dc0b87bc-4d38-11f1-ac0e-0ea3589134b3	submitted
ATR-24h-2_S61	/mnt/pikachu/SLAM-Seq-PE-results/prod_full_20260511T103908Z/samples/ATR-24h-2_S61/manifests/globus_batch.tsv	ac1b54b1-4d39-11f1-8862-0afffe4617ab	submitted
ATR-24h-3_S162	/mnt/pikachu/SLAM-Seq-PE-results/prod_full_20260511T103908Z/samples/ATR-24h-3_S162/manifests/globus_batch.tsv	3de3476b-4d3a-11f1-afd5-02535127e3d7	submitted
ATR-6h-1_S57	/mnt/pikachu/SLAM-Seq-PE-results/prod_full_20260511T103908Z/samples/ATR-6h-1_S57/manifests/globus_batch.tsv	fe37040e-4d3a-11f1-a2ec-02535127e3d7	submitted
ATR-6h-2_S58	/mnt/pikachu/SLAM-Seq-PE-results/prod_full_20260511T103908Z/samples/ATR-6h-2_S58/manifests/globus_batch.tsv	d02923be-4d3b-11f1-816b-0afffe4617ab	submitted
ATR-6h-3_S59	/mnt/pikachu/SLAM-Seq-PE-results/prod_full_20260511T103908Z/samples/ATR-6h-3_S59/manifests/globus_batch.tsv	897b2ea2-4d3c-11f1-9a8d-0afffe4617ab	submitted
CCNC_0h_1_S13	/mnt/pikachu/SLAM-Seq-PE-results/prod_full_20260511T103908Z/samples/CCNC_0h_1_S13/manifests/globus_batch.tsv	8c629878-4d3d-11f1-a38a-0ea3589134b3	submitted
CCNC_0h_2_S14	/mnt/pikachu/SLAM-Seq-PE-results/prod_full_20260511T103908Z/samples/CCNC_0h_2_S14/manifests/globus_batch.tsv	6c38d85d-4d3e-11f1-9552-0ea3589134b3	submitted
CCNC_0h_3_S15	/mnt/pikachu/SLAM-Seq-PE-results/prod_full_20260511T103908Z/samples/CCNC_0h_3_S15/manifests/globus_batch.tsv	39927576-4d3f-11f1-b6ae-02535127e3d7	submitted
CCNC_6h_1_S16	/mnt/pikachu/SLAM-Seq-PE-results/prod_full_20260511T103908Z/samples/CCNC_6h_1_S16/manifests/globus_batch.tsv	03c60b56-4d40-11f1-898e-0ea3589134b3	submitted
CCNC_6h_2_S17	/mnt/pikachu/SLAM-Seq-PE-results/prod_full_20260511T103908Z/samples/CCNC_6h_2_S17/manifests/globus_batch.tsv	de0cf216-4d40-11f1-a638-0ea3589134b3	submitted
CCNC_6h_3_S18	/mnt/pikachu/SLAM-Seq-PE-results/prod_full_20260511T103908Z/samples/CCNC_6h_3_S18/manifests/globus_batch.tsv	ae7fed88-4d41-11f1-897c-0afffe4617ab	submitted
CHAF1A_0h_1_S28	/mnt/pikachu/SLAM-Seq-PE-results/prod_full_20260511T103908Z/samples/CHAF1A_0h_1_S28/manifests/globus_batch.tsv	ad14c6bd-4d42-11f1-85df-0afffe4617ab	submitted
CHAF1A_0h_2_S29	/mnt/pikachu/SLAM-Seq-PE-results/prod_full_20260511T103908Z/samples/CHAF1A_0h_2_S29/manifests/globus_batch.tsv	7d05c30c-4d43-11f1-9b66-02535127e3d7	submitted
CHAF1A_0h_3_S30	/mnt/pikachu/SLAM-Seq-PE-results/prod_full_20260511T103908Z/samples/CHAF1A_0h_3_S30/manifests/globus_batch.tsv	934636af-4d44-11f1-90a6-0ea3589134b3	submitted
CHAF1A_24h_1_S63	/mnt/pikachu/SLAM-Seq-PE-results/prod_full_20260511T103908Z/samples/CHAF1A_24h_1_S63/manifests/globus_batch.tsv	749b7494-4d45-11f1-bf3c-0afffe4617ab	submitted
CHAF1A_24h_2_S64	/mnt/pikachu/SLAM-Seq-PE-results/prod_full_20260511T103908Z/samples/CHAF1A_24h_2_S64/manifests/globus_batch.tsv	78410e32-4d46-11f1-b9a0-0afffe4617ab	submitted
CHAF1A_24h_3_S65	/mnt/pikachu/SLAM-Seq-PE-results/prod_full_20260511T103908Z/samples/CHAF1A_24h_3_S65/manifests/globus_batch.tsv	6e918863-4d47-11f1-8378-0ea3589134b3	submitted
CHAF1A_6h_1_S31	/mnt/pikachu/SLAM-Seq-PE-results/prod_full_20260511T103908Z/samples/CHAF1A_6h_1_S31/manifests/globus_batch.tsv	5c2baeee-4d48-11f1-84e6-0afffe4617ab	submitted
CHAF1A_6h_2_S32	/mnt/pikachu/SLAM-Seq-PE-results/prod_full_20260511T103908Z/samples/CHAF1A_6h_2_S32/manifests/globus_batch.tsv	0e1993b9-4d49-11f1-996a-02535127e3d7	submitted
CHAF1A_6h_3_S33	/mnt/pikachu/SLAM-Seq-PE-results/prod_full_20260511T103908Z/samples/CHAF1A_6h_3_S33/manifests/globus_batch.tsv	0bca51cc-4d4a-11f1-8e50-02535127e3d7	submitted
CHD4-0h-1_S224	/mnt/pikachu/SLAM-Seq-PE-results/prod_full_20260511T103908Z/samples/CHD4-0h-1_S224/manifests/globus_batch.tsv	ab48e227-4d4a-11f1-8b54-0ea3589134b3	submitted
CHD4-0h-2_S225	/mnt/pikachu/SLAM-Seq-PE-results/prod_full_20260511T103908Z/samples/CHD4-0h-2_S225/manifests/globus_batch.tsv	4b2b72c8-4d4b-11f1-8dff-02535127e3d7	submitted
CHD4-0h-3_S226	/mnt/pikachu/SLAM-Seq-PE-results/prod_full_20260511T103908Z/samples/CHD4-0h-3_S226/manifests/globus_batch.tsv	eed06b67-4d4b-11f1-9032-0ea3589134b3	submitted
CHD4-6h-1_S227	/mnt/pikachu/SLAM-Seq-PE-results/prod_full_20260511T103908Z/samples/CHD4-6h-1_S227/manifests/globus_batch.tsv	9ed61ff8-4d4c-11f1-9a88-02535127e3d7	submitted
CHD4-6h-2_S228	/mnt/pikachu/SLAM-Seq-PE-results/prod_full_20260511T103908Z/samples/CHD4-6h-2_S228/manifests/globus_batch.tsv	571078cd-4d4d-11f1-949d-02535127e3d7	submitted
CHD4-6h-3_S49	/mnt/pikachu/SLAM-Seq-PE-results/prod_full_20260511T103908Z/samples/CHD4-6h-3_S49/manifests/globus_batch.tsv	028e48fd-4d4e-11f1-8dd6-02535127e3d7	submitted
CPSF2-0h-1_S28	/mnt/pikachu/SLAM-Seq-PE-results/prod_full_20260511T103908Z/samples/CPSF2-0h-1_S28/manifests/globus_batch.tsv	ccb15e81-4d4e-11f1-ba33-02535127e3d7	submitted
CPSF2-0h-2_S29	/mnt/pikachu/SLAM-Seq-PE-results/prod_full_20260511T103908Z/samples/CPSF2-0h-2_S29/manifests/globus_batch.tsv	73aec1f9-4d4f-11f1-a123-0afffe4617ab	submitted
CPSF2-0h-3_S30	/mnt/pikachu/SLAM-Seq-PE-results/prod_full_20260511T103908Z/samples/CPSF2-0h-3_S30/manifests/globus_batch.tsv	4f5f24ea-4d50-11f1-ae5a-02535127e3d7	submitted
CPSF2-6h-1_S31	/mnt/pikachu/SLAM-Seq-PE-results/prod_full_20260511T103908Z/samples/CPSF2-6h-1_S31/manifests/globus_batch.tsv	08f0f47f-4d51-11f1-8203-0afffe4617ab	submitted
CPSF2-6h-2_S32	/mnt/pikachu/SLAM-Seq-PE-results/prod_full_20260511T103908Z/samples/CPSF2-6h-2_S32/manifests/globus_batch.tsv	a5808114-4d51-11f1-874f-02535127e3d7	submitted
CPSF2-6h-3_S33	/mnt/pikachu/SLAM-Seq-PE-results/prod_full_20260511T103908Z/samples/CPSF2-6h-3_S33/manifests/globus_batch.tsv	40039161-4d52-11f1-aa08-0afffe4617ab	submitted
FOXA1-0h-1_S181	/mnt/pikachu/SLAM-Seq-PE-results/prod_full_20260511T103908Z/samples/FOXA1-0h-1_S181/manifests/globus_batch.tsv	27394d8b-4d53-11f1-a695-0afffe4617ab	submitted
FOXA1-0h-2_S182	/mnt/pikachu/SLAM-Seq-PE-results/prod_full_20260511T103908Z/samples/FOXA1-0h-2_S182/manifests/globus_batch.tsv	14a1abe8-4d54-11f1-8411-0ea3589134b3	submitted
FOXA1-0h-3_S183	/mnt/pikachu/SLAM-Seq-PE-results/prod_full_20260511T103908Z/samples/FOXA1-0h-3_S183/manifests/globus_batch.tsv	c5a20e56-4d54-11f1-8ccb-02535127e3d7	submitted
FOXA1-24h-1_S187	/mnt/pikachu/SLAM-Seq-PE-results/prod_full_20260511T103908Z/samples/FOXA1-24h-1_S187/manifests/globus_batch.tsv	7475a8d3-4d55-11f1-bd11-0afffe4617ab	submitted
FOXA1-24h-2_S188	/mnt/pikachu/SLAM-Seq-PE-results/prod_full_20260511T103908Z/samples/FOXA1-24h-2_S188/manifests/globus_batch.tsv	2072401b-4d56-11f1-800a-0afffe4617ab	submitted
FOXA1-24h-3_S189	/mnt/pikachu/SLAM-Seq-PE-results/prod_full_20260511T103908Z/samples/FOXA1-24h-3_S189/manifests/globus_batch.tsv	d5df3efc-4d56-11f1-aede-02535127e3d7	submitted
FOXA1-6h-1_S184	/mnt/pikachu/SLAM-Seq-PE-results/prod_full_20260511T103908Z/samples/FOXA1-6h-1_S184/manifests/globus_batch.tsv	81ca6e9c-4d57-11f1-a702-0afffe4617ab	submitted
FOXA1-6h-2_S185	/mnt/pikachu/SLAM-Seq-PE-results/prod_full_20260511T103908Z/samples/FOXA1-6h-2_S185/manifests/globus_batch.tsv	3fb5d91c-4d58-11f1-a3f0-0afffe4617ab	submitted
FOXA1-6h-3_S186	/mnt/pikachu/SLAM-Seq-PE-results/prod_full_20260511T103908Z/samples/FOXA1-6h-3_S186/manifests/globus_batch.tsv	059eeab0-4d59-11f1-ac8b-0afffe4617ab	submitted
FOXM1-0h-1_S163	/mnt/pikachu/SLAM-Seq-PE-results/prod_full_20260511T103908Z/samples/FOXM1-0h-1_S163/manifests/globus_batch.tsv	a6023944-4d59-11f1-944f-0afffe4617ab	submitted
FOXM1-0h-2_S164	/mnt/pikachu/SLAM-Seq-PE-results/prod_full_20260511T103908Z/samples/FOXM1-0h-2_S164/manifests/globus_batch.tsv	3e1bf2e0-4d5a-11f1-b4be-02535127e3d7	submitted
FOXM1-0h-3_S165	/mnt/pikachu/SLAM-Seq-PE-results/prod_full_20260511T103908Z/samples/FOXM1-0h-3_S165/manifests/globus_batch.tsv	e56f1b77-4d5a-11f1-9825-0afffe4617ab	submitted
FOXM1-24h-1_S169	/mnt/pikachu/SLAM-Seq-PE-results/prod_full_20260511T103908Z/samples/FOXM1-24h-1_S169/manifests/globus_batch.tsv	7274b2a0-4d5b-11f1-96d8-0afffe4617ab	submitted
FOXM1-24h-2_S170	/mnt/pikachu/SLAM-Seq-PE-results/prod_full_20260511T103908Z/samples/FOXM1-24h-2_S170/manifests/globus_batch.tsv	ffaef301-4d5b-11f1-a4da-02535127e3d7	submitted
FOXM1-24h-3_S171	/mnt/pikachu/SLAM-Seq-PE-results/prod_full_20260511T103908Z/samples/FOXM1-24h-3_S171/manifests/globus_batch.tsv	8c843b1f-4d5c-11f1-858b-0ea3589134b3	submitted
FOXM1-6h-1_S166	/mnt/pikachu/SLAM-Seq-PE-results/prod_full_20260511T103908Z/samples/FOXM1-6h-1_S166/manifests/globus_batch.tsv	2dc58fd0-4d5d-11f1-8be3-0ea3589134b3	submitted
FOXM1-6h-2_S167	/mnt/pikachu/SLAM-Seq-PE-results/prod_full_20260511T103908Z/samples/FOXM1-6h-2_S167/manifests/globus_batch.tsv	cb5970d3-4d5d-11f1-af02-02535127e3d7	submitted
FOXM1-6h-3_S168	/mnt/pikachu/SLAM-Seq-PE-results/prod_full_20260511T103908Z/samples/FOXM1-6h-3_S168/manifests/globus_batch.tsv	5034582f-4d5e-11f1-9713-0ea3589134b3	submitted
HDAC3-0h-1_S208	/mnt/pikachu/SLAM-Seq-PE-results/prod_full_20260511T103908Z/samples/HDAC3-0h-1_S208/manifests/globus_batch.tsv	f7c82732-4d5e-11f1-9d1b-0ea3589134b3	submitted
HDAC3-0h-2_S209	/mnt/pikachu/SLAM-Seq-PE-results/prod_full_20260511T103908Z/samples/HDAC3-0h-2_S209/manifests/globus_batch.tsv	9b4cd4c3-4d5f-11f1-adfd-02535127e3d7	submitted
HDAC3-0h-3_S210	/mnt/pikachu/SLAM-Seq-PE-results/prod_full_20260511T103908Z/samples/HDAC3-0h-3_S210/manifests/globus_batch.tsv	2a816143-4d60-11f1-8e12-0afffe4617ab	submitted
HDAC3-24h-1_S214	/mnt/pikachu/SLAM-Seq-PE-results/prod_full_20260511T103908Z/samples/HDAC3-24h-1_S214/manifests/globus_batch.tsv	53af5d99-4d61-11f1-82f2-02535127e3d7	submitted
HDAC3-24h-3_S215	/mnt/pikachu/SLAM-Seq-PE-results/prod_full_20260511T103908Z/samples/HDAC3-24h-3_S215/manifests/globus_batch.tsv	1e47d65f-4d62-11f1-955a-0ea3589134b3	submitted
HDAC3-6h-1_S211	/mnt/pikachu/SLAM-Seq-PE-results/prod_full_20260511T103908Z/samples/HDAC3-6h-1_S211/manifests/globus_batch.tsv	f966cdce-4d62-11f1-bd74-0afffe4617ab	submitted
HDAC3-6h-2_S212	/mnt/pikachu/SLAM-Seq-PE-results/prod_full_20260511T103908Z/samples/HDAC3-6h-2_S212/manifests/globus_batch.tsv	ad394237-4d63-11f1-b143-0afffe4617ab	submitted
HDAC3-6h-3_S213	/mnt/pikachu/SLAM-Seq-PE-results/prod_full_20260511T103908Z/samples/HDAC3-6h-3_S213/manifests/globus_batch.tsv	f8d92b1f-4d63-11f1-8e1a-0afffe4617ab	submitted
INO80-0h-1_S84	/mnt/pikachu/SLAM-Seq-PE-results/prod_full_20260511T103908Z/samples/INO80-0h-1_S84/manifests/globus_batch.tsv	9a989f8f-4d64-11f1-b9d8-0afffe4617ab	submitted
INO80-0h-2_S85	/mnt/pikachu/SLAM-Seq-PE-results/prod_full_20260511T103908Z/samples/INO80-0h-2_S85/manifests/globus_batch.tsv	6ba8cfe5-4d65-11f1-9821-0ea3589134b3	submitted
INO80-0h-3_S86	/mnt/pikachu/SLAM-Seq-PE-results/prod_full_20260511T103908Z/samples/INO80-0h-3_S86/manifests/globus_batch.tsv	358455e8-4d66-11f1-8ea5-02535127e3d7	submitted
INO80-24h-1_S90	/mnt/pikachu/SLAM-Seq-PE-results/prod_full_20260511T103908Z/samples/INO80-24h-1_S90/manifests/globus_batch.tsv	b8c040be-4d66-11f1-818f-0afffe4617ab	submitted
INO80-24h-2_S91	/mnt/pikachu/SLAM-Seq-PE-results/prod_full_20260511T103908Z/samples/INO80-24h-2_S91/manifests/globus_batch.tsv	49ffa5c2-4d67-11f1-8d20-02535127e3d7	submitted
INO80-24h-3_S92	/mnt/pikachu/SLAM-Seq-PE-results/prod_full_20260511T103908Z/samples/INO80-24h-3_S92/manifests/globus_batch.tsv	b48b4bdd-4d67-11f1-9b7b-0ea3589134b3	submitted
INO80-6h-1_S87	/mnt/pikachu/SLAM-Seq-PE-results/prod_full_20260511T103908Z/samples/INO80-6h-1_S87/manifests/globus_batch.tsv	8ae43eb5-4d68-11f1-9d9c-0ea3589134b3	submitted
INO80-6h-2_S88	/mnt/pikachu/SLAM-Seq-PE-results/prod_full_20260511T103908Z/samples/INO80-6h-2_S88/manifests/globus_batch.tsv	12e88466-4d69-11f1-9200-0ea3589134b3	submitted
INO80-6h-3_S89	/mnt/pikachu/SLAM-Seq-PE-results/prod_full_20260511T103908Z/samples/INO80-6h-3_S89/manifests/globus_batch.tsv	3f8545a2-4d6a-11f1-b2f7-02535127e3d7	submitted
MYC_D1_S26	/mnt/pikachu/SLAM-Seq-PE-results/prod_full_20260511T103908Z/samples/MYC_D1_S26/manifests/globus_batch.tsv	77f0e9a7-4d6d-11f1-998c-02535127e3d7	submitted
MYC_D2_S27	/mnt/pikachu/SLAM-Seq-PE-results/prod_full_20260511T103908Z/samples/MYC_D2_S27/manifests/globus_batch.tsv	51a19cac-4d70-11f1-bd79-0ea3589134b3	submitted
MYC_D3_S28	/mnt/pikachu/SLAM-Seq-PE-results/prod_full_20260511T103908Z/samples/MYC_D3_S28/manifests/globus_batch.tsv	87d8605d-4d73-11f1-93e4-0ea3589134b3	submitted
MYC_T1_S29	/mnt/pikachu/SLAM-Seq-PE-results/prod_full_20260511T103908Z/samples/MYC_T1_S29/manifests/globus_batch.tsv	21cf5cdc-4d77-11f1-a58b-0ea3589134b3	submitted
MYC_T2_S30	/mnt/pikachu/SLAM-Seq-PE-results/prod_full_20260511T103908Z/samples/MYC_T2_S30/manifests/globus_batch.tsv	1975cb05-4d7a-11f1-a8f1-0ea3589134b3	submitted
NAT10-0h-1_S216	/mnt/pikachu/SLAM-Seq-PE-results/prod_full_20260511T103908Z/samples/NAT10-0h-1_S216/manifests/globus_batch.tsv	c23534e0-4d7a-11f1-b17c-0ea3589134b3	submitted
NAT10-0h-2_S217	/mnt/pikachu/SLAM-Seq-PE-results/prod_full_20260511T103908Z/samples/NAT10-0h-2_S217/manifests/globus_batch.tsv	97122130-4d7b-11f1-90d7-0afffe4617ab	submitted
NAT10-0h-3_S218	/mnt/pikachu/SLAM-Seq-PE-results/prod_full_20260511T103908Z/samples/NAT10-0h-3_S218/manifests/globus_batch.tsv	9f2ebc66-4d7c-11f1-8c50-0ea3589134b3	submitted
NAT10-24h-2_S222	/mnt/pikachu/SLAM-Seq-PE-results/prod_full_20260511T103908Z/samples/NAT10-24h-2_S222/manifests/globus_batch.tsv	71da6fa5-4d7d-11f1-a4ab-0afffe4617ab	submitted
NAT10-24h-3_S223	/mnt/pikachu/SLAM-Seq-PE-results/prod_full_20260511T103908Z/samples/NAT10-24h-3_S223/manifests/globus_batch.tsv	3ece988d-4d7e-11f1-862c-02535127e3d7	submitted
NAT10-6h-1_S219	/mnt/pikachu/SLAM-Seq-PE-results/prod_full_20260511T103908Z/samples/NAT10-6h-1_S219/manifests/globus_batch.tsv	f9f21c4c-4d7e-11f1-8ce9-02535127e3d7	submitted
NAT10-6h-2_S220	/mnt/pikachu/SLAM-Seq-PE-results/prod_full_20260511T103908Z/samples/NAT10-6h-2_S220/manifests/globus_batch.tsv	d3f29f9b-4d7f-11f1-870b-02535127e3d7	submitted
NAT10-6h-3_S221	/mnt/pikachu/SLAM-Seq-PE-results/prod_full_20260511T103908Z/samples/NAT10-6h-3_S221/manifests/globus_batch.tsv	863aabb1-4d80-11f1-993f-0ea3589134b3	submitted
NUP_133-0h-1_S247	/mnt/pikachu/SLAM-Seq-PE-results/prod_full_20260511T103908Z/samples/NUP_133-0h-1_S247/manifests/globus_batch.tsv	6aff7804-4d81-11f1-a692-0afffe4617ab	submitted
NUP_133-0h-2_S248	/mnt/pikachu/SLAM-Seq-PE-results/prod_full_20260511T103908Z/samples/NUP_133-0h-2_S248/manifests/globus_batch.tsv	284d95a0-4d82-11f1-bfc5-02535127e3d7	submitted
NUP_133-0h-3_S249	/mnt/pikachu/SLAM-Seq-PE-results/prod_full_20260511T103908Z/samples/NUP_133-0h-3_S249/manifests/globus_batch.tsv	fee76c76-4d82-11f1-a172-0ea3589134b3	submitted
NUP_133-24h-1_S253	/mnt/pikachu/SLAM-Seq-PE-results/prod_full_20260511T103908Z/samples/NUP_133-24h-1_S253/manifests/globus_batch.tsv	c4dc859e-4d83-11f1-b656-0afffe4617ab	submitted
NUP_133-24h-2_S254	/mnt/pikachu/SLAM-Seq-PE-results/prod_full_20260511T103908Z/samples/NUP_133-24h-2_S254/manifests/globus_batch.tsv	a022999a-4d84-11f1-bf65-0afffe4617ab	submitted
NUP_133-24h-3_S255	/mnt/pikachu/SLAM-Seq-PE-results/prod_full_20260511T103908Z/samples/NUP_133-24h-3_S255/manifests/globus_batch.tsv	7753c526-4d85-11f1-937e-0ea3589134b3	submitted
NUP_133-6h-1_S250	/mnt/pikachu/SLAM-Seq-PE-results/prod_full_20260511T103908Z/samples/NUP_133-6h-1_S250/manifests/globus_batch.tsv	38c3c7a0-4d86-11f1-ba81-02535127e3d7	submitted
NUP_133-6h-2_S251	/mnt/pikachu/SLAM-Seq-PE-results/prod_full_20260511T103908Z/samples/NUP_133-6h-2_S251/manifests/globus_batch.tsv	34f1787d-4d87-11f1-929b-02535127e3d7	submitted
NUP_133-6h-3_S252	/mnt/pikachu/SLAM-Seq-PE-results/prod_full_20260511T103908Z/samples/NUP_133-6h-3_S252/manifests/globus_batch.tsv	0b99bd7c-4d88-11f1-b033-02535127e3d7	submitted
NUP_153_-0h-1_S1	/mnt/pikachu/SLAM-Seq-PE-results/prod_full_20260511T103908Z/samples/NUP_153_-0h-1_S1/manifests/globus_batch.tsv	e5bc839a-4d88-11f1-9de6-0ea3589134b3	submitted
NUP_153_-0h-2_S2	/mnt/pikachu/SLAM-Seq-PE-results/prod_full_20260511T103908Z/samples/NUP_153_-0h-2_S2/manifests/globus_batch.tsv	fbdffb24-4d89-11f1-a887-0ea3589134b3	submitted
NUP_153_-0h-3_S3	/mnt/pikachu/SLAM-Seq-PE-results/prod_full_20260511T103908Z/samples/NUP_153_-0h-3_S3/manifests/globus_batch.tsv	e8711272-4d8a-11f1-b944-02535127e3d7	submitted
NUP_153_-24h-1_S7	/mnt/pikachu/SLAM-Seq-PE-results/prod_full_20260511T103908Z/samples/NUP_153_-24h-1_S7/manifests/globus_batch.tsv	dd4d0155-4d8b-11f1-a608-0afffe4617ab	submitted
NUP_153_-24h-2_S8	/mnt/pikachu/SLAM-Seq-PE-results/prod_full_20260511T103908Z/samples/NUP_153_-24h-2_S8/manifests/globus_batch.tsv	f767b1fb-4d8c-11f1-b97a-02535127e3d7	submitted
NUP_153_-24h-3_S9	/mnt/pikachu/SLAM-Seq-PE-results/prod_full_20260511T103908Z/samples/NUP_153_-24h-3_S9/manifests/globus_batch.tsv	d089a609-4d8d-11f1-93d3-02535127e3d7	submitted
NUP_153_-6h-1_S4	/mnt/pikachu/SLAM-Seq-PE-results/prod_full_20260511T103908Z/samples/NUP_153_-6h-1_S4/manifests/globus_batch.tsv	c331baa2-4d8e-11f1-b851-0afffe4617ab	submitted
NUP_153_-6h-2_S5	/mnt/pikachu/SLAM-Seq-PE-results/prod_full_20260511T103908Z/samples/NUP_153_-6h-2_S5/manifests/globus_batch.tsv	bec1e8df-4d8f-11f1-9ae0-0ea3589134b3	submitted
NUP_153_-6h-3_S6	/mnt/pikachu/SLAM-Seq-PE-results/prod_full_20260511T103908Z/samples/NUP_153_-6h-3_S6/manifests/globus_batch.tsv	a81ab39b-4d90-11f1-9006-02535127e3d7	submitted
NUP_210-0h-1_S10	/mnt/pikachu/SLAM-Seq-PE-results/prod_full_20260511T103908Z/samples/NUP_210-0h-1_S10/manifests/globus_batch.tsv	728d0d06-4d91-11f1-8e1c-02535127e3d7	submitted
NUP_210-0h-2_S11	/mnt/pikachu/SLAM-Seq-PE-results/prod_full_20260511T103908Z/samples/NUP_210-0h-2_S11/manifests/globus_batch.tsv	2f3528b8-4d92-11f1-a45f-02535127e3d7	submitted
NUP_210-0h-3_S12	/mnt/pikachu/SLAM-Seq-PE-results/prod_full_20260511T103908Z/samples/NUP_210-0h-3_S12/manifests/globus_batch.tsv	ca220bf3-4d92-11f1-968a-0afffe4617ab	submitted
NUP_210-24h-1_S16	/mnt/pikachu/SLAM-Seq-PE-results/prod_full_20260511T103908Z/samples/NUP_210-24h-1_S16/manifests/globus_batch.tsv	7c2cebf7-4d93-11f1-bbe6-02535127e3d7	submitted
NUP_210-24h-2_S17	/mnt/pikachu/SLAM-Seq-PE-results/prod_full_20260511T103908Z/samples/NUP_210-24h-2_S17/manifests/globus_batch.tsv	131a9383-4d94-11f1-a9fa-0ea3589134b3	submitted
NUP_210-24h-3_S18	/mnt/pikachu/SLAM-Seq-PE-results/prod_full_20260511T103908Z/samples/NUP_210-24h-3_S18/manifests/globus_batch.tsv	c044e574-4d94-11f1-8117-02535127e3d7	submitted
NUP_210-6h-1_S13	/mnt/pikachu/SLAM-Seq-PE-results/prod_full_20260511T103908Z/samples/NUP_210-6h-1_S13/manifests/globus_batch.tsv	5cbcc351-4d95-11f1-864e-0afffe4617ab	submitted
NUP_210-6h-2_S14	/mnt/pikachu/SLAM-Seq-PE-results/prod_full_20260511T103908Z/samples/NUP_210-6h-2_S14/manifests/globus_batch.tsv	3c717445-4d96-11f1-97df-0afffe4617ab	submitted
NUP_210-6h-3_S15	/mnt/pikachu/SLAM-Seq-PE-results/prod_full_20260511T103908Z/samples/NUP_210-6h-3_S15/manifests/globus_batch.tsv	13339178-4d97-11f1-9e1c-0afffe4617ab	submitted
NUP_214-0h-1_S19	/mnt/pikachu/SLAM-Seq-PE-results/prod_full_20260511T103908Z/samples/NUP_214-0h-1_S19/manifests/globus_batch.tsv	b74a5639-4d97-11f1-b516-02535127e3d7	submitted
NUP_214-0h-2_S20	/mnt/pikachu/SLAM-Seq-PE-results/prod_full_20260511T103908Z/samples/NUP_214-0h-2_S20/manifests/globus_batch.tsv	571a862d-4d98-11f1-a796-0afffe4617ab	submitted
NUP_214-0h-3_S21	/mnt/pikachu/SLAM-Seq-PE-results/prod_full_20260511T103908Z/samples/NUP_214-0h-3_S21/manifests/globus_batch.tsv	51c7222d-4d99-11f1-a146-0ea3589134b3	submitted
NUP_214-24h-1_S25	/mnt/pikachu/SLAM-Seq-PE-results/prod_full_20260511T103908Z/samples/NUP_214-24h-1_S25/manifests/globus_batch.tsv	f10b4abf-4d99-11f1-84cc-0ea3589134b3	submitted
NUP_214-24h-2_S26	/mnt/pikachu/SLAM-Seq-PE-results/prod_full_20260511T103908Z/samples/NUP_214-24h-2_S26/manifests/globus_batch.tsv	bac14bdc-4d9a-11f1-8932-02535127e3d7	submitted
NUP_214-24h-3_S27	/mnt/pikachu/SLAM-Seq-PE-results/prod_full_20260511T103908Z/samples/NUP_214-24h-3_S27/manifests/globus_batch.tsv	585c1d4e-4d9b-11f1-8364-0ea3589134b3	submitted
NUP_214-6h-1_S22	/mnt/pikachu/SLAM-Seq-PE-results/prod_full_20260511T103908Z/samples/NUP_214-6h-1_S22/manifests/globus_batch.tsv	fa8b864d-4d9b-11f1-bb7e-0afffe4617ab	submitted
NUP_214-6h-2_S23	/mnt/pikachu/SLAM-Seq-PE-results/prod_full_20260511T103908Z/samples/NUP_214-6h-2_S23/manifests/globus_batch.tsv	9f154e21-4d9c-11f1-acb7-0ea3589134b3	submitted
NUP_214-6h-3_S24	/mnt/pikachu/SLAM-Seq-PE-results/prod_full_20260511T103908Z/samples/NUP_214-6h-3_S24/manifests/globus_batch.tsv	3dba1d0a-4d9d-11f1-a384-02535127e3d7	submitted
NUP_62-0h-1_S229	/mnt/pikachu/SLAM-Seq-PE-results/prod_full_20260511T103908Z/samples/NUP_62-0h-1_S229/manifests/globus_batch.tsv	21c0413b-4d9e-11f1-81fa-0ea3589134b3	submitted
NUP_62-0h-2_S230	/mnt/pikachu/SLAM-Seq-PE-results/prod_full_20260511T103908Z/samples/NUP_62-0h-2_S230/manifests/globus_batch.tsv	edf670bd-4d9e-11f1-bb25-02535127e3d7	submitted
NUP_62-0h-3_S231	/mnt/pikachu/SLAM-Seq-PE-results/prod_full_20260511T103908Z/samples/NUP_62-0h-3_S231/manifests/globus_batch.tsv	9042400d-4d9f-11f1-a946-0ea3589134b3	submitted
NUP_62-24h-1_S235	/mnt/pikachu/SLAM-Seq-PE-results/prod_full_20260511T103908Z/samples/NUP_62-24h-1_S235/manifests/globus_batch.tsv	3d72d7c4-4da0-11f1-9a42-0afffe4617ab	submitted
NUP_62-24h-2_S236	/mnt/pikachu/SLAM-Seq-PE-results/prod_full_20260511T103908Z/samples/NUP_62-24h-2_S236/manifests/globus_batch.tsv	25303b65-4da1-11f1-ab49-02535127e3d7	submitted
NUP_62-24h-3_S237	/mnt/pikachu/SLAM-Seq-PE-results/prod_full_20260511T103908Z/samples/NUP_62-24h-3_S237/manifests/globus_batch.tsv	ed55d9e2-4da1-11f1-b1ad-0afffe4617ab	submitted
NUP_62-6h-1_S232	/mnt/pikachu/SLAM-Seq-PE-results/prod_full_20260511T103908Z/samples/NUP_62-6h-1_S232/manifests/globus_batch.tsv	b22fec7c-4da2-11f1-a906-0afffe4617ab	submitted
NUP_62-6h-2_S233	/mnt/pikachu/SLAM-Seq-PE-results/prod_full_20260511T103908Z/samples/NUP_62-6h-2_S233/manifests/globus_batch.tsv	9ede7e39-4da3-11f1-b2ef-0ea3589134b3	submitted
NUP_62-6h-3_S234	/mnt/pikachu/SLAM-Seq-PE-results/prod_full_20260511T103908Z/samples/NUP_62-6h-3_S234/manifests/globus_batch.tsv	62c20adb-4da4-11f1-8470-0ea3589134b3	submitted
NUP_88-0h-1_S238	/mnt/pikachu/SLAM-Seq-PE-results/prod_full_20260511T103908Z/samples/NUP_88-0h-1_S238/manifests/globus_batch.tsv	3c145fd9-4da5-11f1-b0d3-02535127e3d7	submitted
NUP_88-0h-2_S239	/mnt/pikachu/SLAM-Seq-PE-results/prod_full_20260511T103908Z/samples/NUP_88-0h-2_S239/manifests/globus_batch.tsv	fb94e52b-4da5-11f1-b199-02535127e3d7	submitted
NUP_88-0h-3_S240	/mnt/pikachu/SLAM-Seq-PE-results/prod_full_20260511T103908Z/samples/NUP_88-0h-3_S240/manifests/globus_batch.tsv	c9fce893-4da6-11f1-ad56-0afffe4617ab	submitted
NUP_88-24h-1_S244	/mnt/pikachu/SLAM-Seq-PE-results/prod_full_20260511T103908Z/samples/NUP_88-24h-1_S244/manifests/globus_batch.tsv	86283ad1-4da7-11f1-a2b6-0ea3589134b3	submitted
NUP_88-24h-2_S245	/mnt/pikachu/SLAM-Seq-PE-results/prod_full_20260511T103908Z/samples/NUP_88-24h-2_S245/manifests/globus_batch.tsv	4af28136-4da8-11f1-9cfa-02535127e3d7	submitted
NUP_88-24h-3_S246	/mnt/pikachu/SLAM-Seq-PE-results/prod_full_20260511T103908Z/samples/NUP_88-24h-3_S246/manifests/globus_batch.tsv	e050afc3-4da8-11f1-ac3b-0ea3589134b3	submitted
NUP_88-6h-1_S241	/mnt/pikachu/SLAM-Seq-PE-results/prod_full_20260511T103908Z/samples/NUP_88-6h-1_S241/manifests/globus_batch.tsv	70d6b068-4da9-11f1-9c58-02535127e3d7	submitted
NUP_88-6h-2_S242	/mnt/pikachu/SLAM-Seq-PE-results/prod_full_20260511T103908Z/samples/NUP_88-6h-2_S242/manifests/globus_batch.tsv	59491ea8-4daa-11f1-9523-02535127e3d7	submitted
NUP_88-6h-3_S243	/mnt/pikachu/SLAM-Seq-PE-results/prod_full_20260511T103908Z/samples/NUP_88-6h-3_S243/manifests/globus_batch.tsv	3ea60bfc-4dab-11f1-bf2d-0ea3589134b3	submitted
RAD21-6h-1_S93	/mnt/pikachu/SLAM-Seq-PE-results/prod_full_20260511T103908Z/samples/RAD21-6h-1_S93/manifests/globus_batch.tsv	abe947ad-4dab-11f1-854b-0ea3589134b3	submitted
RAD21-6h-2_S94	/mnt/pikachu/SLAM-Seq-PE-results/prod_full_20260511T103908Z/samples/RAD21-6h-2_S94/manifests/globus_batch.tsv	4f34f1d2-4dac-11f1-8b66-0ea3589134b3	submitted
RAD21-6h-3_S95	/mnt/pikachu/SLAM-Seq-PE-results/prod_full_20260511T103908Z/samples/RAD21-6h-3_S95/manifests/globus_batch.tsv	ac32112e-4dac-11f1-8d91-0afffe4617ab	submitted
RBBP7-0h-1_S66	/mnt/pikachu/SLAM-Seq-PE-results/prod_full_20260511T103908Z/samples/RBBP7-0h-1_S66/manifests/globus_batch.tsv	5ef0a03c-4dad-11f1-a931-0ea3589134b3	submitted
RBBP7-0h-2_S67	/mnt/pikachu/SLAM-Seq-PE-results/prod_full_20260511T103908Z/samples/RBBP7-0h-2_S67/manifests/globus_batch.tsv	7181a3ee-4dae-11f1-9e17-0ea3589134b3	submitted
RBBP7-0h-3_S68	/mnt/pikachu/SLAM-Seq-PE-results/prod_full_20260511T103908Z/samples/RBBP7-0h-3_S68/manifests/globus_batch.tsv	2486eaf5-4daf-11f1-9335-0afffe4617ab	submitted
RBBP7-24h-1_S72	/mnt/pikachu/SLAM-Seq-PE-results/prod_full_20260511T103908Z/samples/RBBP7-24h-1_S72/manifests/globus_batch.tsv	40d977ef-4db0-11f1-975a-0afffe4617ab	submitted
RBBP7-24h-2_S73	/mnt/pikachu/SLAM-Seq-PE-results/prod_full_20260511T103908Z/samples/RBBP7-24h-2_S73/manifests/globus_batch.tsv	1ec78ada-4db1-11f1-8f68-02535127e3d7	submitted
RBBP7-24h-3_S74	/mnt/pikachu/SLAM-Seq-PE-results/prod_full_20260511T103908Z/samples/RBBP7-24h-3_S74/manifests/globus_batch.tsv	e4e848a0-4db1-11f1-9df8-0afffe4617ab	submitted
RBBP7-6h-1_S69	/mnt/pikachu/SLAM-Seq-PE-results/prod_full_20260511T103908Z/samples/RBBP7-6h-1_S69/manifests/globus_batch.tsv	437ed7ba-4db3-11f1-ab4e-02535127e3d7	submitted
RBBP7-6h-2_S70	/mnt/pikachu/SLAM-Seq-PE-results/prod_full_20260511T103908Z/samples/RBBP7-6h-2_S70/manifests/globus_batch.tsv	ed7ecac1-4db3-11f1-a47c-0afffe4617ab	submitted
RBBP7-6h-3_S71	/mnt/pikachu/SLAM-Seq-PE-results/prod_full_20260511T103908Z/samples/RBBP7-6h-3_S71/manifests/globus_batch.tsv	7d3e0da4-4db4-11f1-b6e6-02535127e3d7	submitted
Rad21_naid22_0h_1_S45	/mnt/pikachu/SLAM-Seq-PE-results/prod_full_20260511T103908Z/samples/Rad21_naid22_0h_1_S45/manifests/globus_batch.tsv	2e9a25ed-4db5-11f1-8ac4-02535127e3d7	submitted
Rad21_naid22_0h_2_S46	/mnt/pikachu/SLAM-Seq-PE-results/prod_full_20260511T103908Z/samples/Rad21_naid22_0h_2_S46/manifests/globus_batch.tsv	ea090e3a-4db5-11f1-8b78-0afffe4617ab	submitted
Rad21_naid22_0h_3_S47	/mnt/pikachu/SLAM-Seq-PE-results/prod_full_20260511T103908Z/samples/Rad21_naid22_0h_3_S47/manifests/globus_batch.tsv	9a8b2e01-4db6-11f1-aea9-02535127e3d7	submitted
Rad21_naid22_24h_1_S51	/mnt/pikachu/SLAM-Seq-PE-results/prod_full_20260511T103908Z/samples/Rad21_naid22_24h_1_S51/manifests/globus_batch.tsv	407b6354-4db7-11f1-b11e-0afffe4617ab	submitted
Rad21_naid22_24h_2_S52	/mnt/pikachu/SLAM-Seq-PE-results/prod_full_20260511T103908Z/samples/Rad21_naid22_24h_2_S52/manifests/globus_batch.tsv	f3475ae7-4db7-11f1-ac5f-0ea3589134b3	submitted
Rad21_naid22_24h_3_S53	/mnt/pikachu/SLAM-Seq-PE-results/prod_full_20260511T103908Z/samples/Rad21_naid22_24h_3_S53/manifests/globus_batch.tsv	a0cb0c6f-4db8-11f1-8214-02535127e3d7	submitted
Rad21_naid22_6h_1_S48	/mnt/pikachu/SLAM-Seq-PE-results/prod_full_20260511T103908Z/samples/Rad21_naid22_6h_1_S48/manifests/globus_batch.tsv	41771b12-4db9-11f1-8205-0afffe4617ab	submitted
Rad21_naid22_6h_2_S49	/mnt/pikachu/SLAM-Seq-PE-results/prod_full_20260511T103908Z/samples/Rad21_naid22_6h_2_S49/manifests/globus_batch.tsv	12d49752-4dba-11f1-a61a-0afffe4617ab	submitted
Rad21_naid22_6h_3_S50	/mnt/pikachu/SLAM-Seq-PE-results/prod_full_20260511T103908Z/samples/Rad21_naid22_6h_3_S50/manifests/globus_batch.tsv	c6d94a7e-4dba-11f1-8ce6-0ea3589134b3	submitted
Rad21_naid22_nos4u_S44	/mnt/pikachu/SLAM-Seq-PE-results/prod_full_20260511T103908Z/samples/Rad21_naid22_nos4u_S44/manifests/globus_batch.tsv	714982ba-4dbb-11f1-908e-0afffe4617ab	submitted
SMARCA1-0h-1_S102	/mnt/pikachu/SLAM-Seq-PE-results/prod_full_20260511T103908Z/samples/SMARCA1-0h-1_S102/manifests/globus_batch.tsv	ff0459a8-4dbb-11f1-a00d-0afffe4617ab	submitted
SMARCA1-0h-2_S103	/mnt/pikachu/SLAM-Seq-PE-results/prod_full_20260511T103908Z/samples/SMARCA1-0h-2_S103/manifests/globus_batch.tsv	cd6dee51-4dbc-11f1-a413-0afffe4617ab	submitted
SMARCA1-0h-3_S104	/mnt/pikachu/SLAM-Seq-PE-results/prod_full_20260511T103908Z/samples/SMARCA1-0h-3_S104/manifests/globus_batch.tsv	8e2c931e-4dbd-11f1-a0cf-02535127e3d7	submitted
SMARCA1-24h-1_S108	/mnt/pikachu/SLAM-Seq-PE-results/prod_full_20260511T103908Z/samples/SMARCA1-24h-1_S108/manifests/globus_batch.tsv	16b4f119-4dbe-11f1-b742-0ea3589134b3	submitted
SMARCA1-24h-2_S109	/mnt/pikachu/SLAM-Seq-PE-results/prod_full_20260511T103908Z/samples/SMARCA1-24h-2_S109/manifests/globus_batch.tsv	ca4bedbd-4dbe-11f1-b238-0afffe4617ab	submitted
SMARCA1-24h-3_S110	/mnt/pikachu/SLAM-Seq-PE-results/prod_full_20260511T103908Z/samples/SMARCA1-24h-3_S110/manifests/globus_batch.tsv	5a6aa74c-4dbf-11f1-96f7-0ea3589134b3	submitted
SMARCA1-6h-1_S105	/mnt/pikachu/SLAM-Seq-PE-results/prod_full_20260511T103908Z/samples/SMARCA1-6h-1_S105/manifests/globus_batch.tsv	fe61796d-4dbf-11f1-8e60-02535127e3d7	submitted
SMARCA1-6h-2_S106	/mnt/pikachu/SLAM-Seq-PE-results/prod_full_20260511T103908Z/samples/SMARCA1-6h-2_S106/manifests/globus_batch.tsv	ade8c854-4dc0-11f1-bb64-02535127e3d7	submitted
SMARCA1-6h-3_S107	/mnt/pikachu/SLAM-Seq-PE-results/prod_full_20260511T103908Z/samples/SMARCA1-6h-3_S107/manifests/globus_batch.tsv	42ba33ae-4dc1-11f1-b30b-0afffe4617ab	submitted
SMARCA4-0h-1_S120	/mnt/pikachu/SLAM-Seq-PE-results/prod_full_20260511T103908Z/samples/SMARCA4-0h-1_S120/manifests/globus_batch.tsv	fbec4a30-4dc1-11f1-b407-02535127e3d7	submitted
SMARCA4-0h-2_S121	/mnt/pikachu/SLAM-Seq-PE-results/prod_full_20260511T103908Z/samples/SMARCA4-0h-2_S121/manifests/globus_batch.tsv	d3f65838-4dc2-11f1-a52a-0ea3589134b3	submitted
SMARCA4-0h-3_S122	/mnt/pikachu/SLAM-Seq-PE-results/prod_full_20260511T103908Z/samples/SMARCA4-0h-3_S122/manifests/globus_batch.tsv	c743ead0-4dc3-11f1-aa26-0ea3589134b3	submitted
SMARCA4-24h-1_S126	/mnt/pikachu/SLAM-Seq-PE-results/prod_full_20260511T103908Z/samples/SMARCA4-24h-1_S126/manifests/globus_batch.tsv	8fa655a6-4dc4-11f1-8779-0afffe4617ab	submitted
SMARCA4-24h-2_S127	/mnt/pikachu/SLAM-Seq-PE-results/prod_full_20260511T103908Z/samples/SMARCA4-24h-2_S127/manifests/globus_batch.tsv	72c75a47-4dc5-11f1-9004-02535127e3d7	submitted
SMARCA4-24h-3_S128	/mnt/pikachu/SLAM-Seq-PE-results/prod_full_20260511T103908Z/samples/SMARCA4-24h-3_S128/manifests/globus_batch.tsv	4e911880-4dc6-11f1-a670-0afffe4617ab	submitted
SMARCA4-6h-1_S123	/mnt/pikachu/SLAM-Seq-PE-results/prod_full_20260511T103908Z/samples/SMARCA4-6h-1_S123/manifests/globus_batch.tsv	242e45c2-4dc7-11f1-a461-02535127e3d7	submitted
SMARCA4-6h-2_S124	/mnt/pikachu/SLAM-Seq-PE-results/prod_full_20260511T103908Z/samples/SMARCA4-6h-2_S124/manifests/globus_batch.tsv	f706a1e3-4dc7-11f1-83b9-02535127e3d7	submitted
SMARCA4-6h-3_S125	/mnt/pikachu/SLAM-Seq-PE-results/prod_full_20260511T103908Z/samples/SMARCA4-6h-3_S125/manifests/globus_batch.tsv	0634dda2-4dc9-11f1-abd8-0ea3589134b3	submitted
SMARCA5-0h-1_S129	/mnt/pikachu/SLAM-Seq-PE-results/prod_full_20260511T103908Z/samples/SMARCA5-0h-1_S129/manifests/globus_batch.tsv	e6d9905a-4dc9-11f1-838e-0afffe4617ab	submitted
SMARCA5-0h-2_S130	/mnt/pikachu/SLAM-Seq-PE-results/prod_full_20260511T103908Z/samples/SMARCA5-0h-2_S130/manifests/globus_batch.tsv	75f6390c-4dca-11f1-bde7-0afffe4617ab	submitted
SMARCA5-0h-3_S131	/mnt/pikachu/SLAM-Seq-PE-results/prod_full_20260511T103908Z/samples/SMARCA5-0h-3_S131/manifests/globus_batch.tsv	249117d6-4dcb-11f1-b554-0afffe4617ab	submitted
SMARCA5-24h-1_S135	/mnt/pikachu/SLAM-Seq-PE-results/prod_full_20260511T103908Z/samples/SMARCA5-24h-1_S135/manifests/globus_batch.tsv	ff798ff2-4dcb-11f1-9c34-0ea3589134b3	submitted
SMARCA5-24h-2_S136	/mnt/pikachu/SLAM-Seq-PE-results/prod_full_20260511T103908Z/samples/SMARCA5-24h-2_S136/manifests/globus_batch.tsv	adbe4657-4dcc-11f1-8a1b-0ea3589134b3	submitted
SMARCA5-24h-3_S137	/mnt/pikachu/SLAM-Seq-PE-results/prod_full_20260511T103908Z/samples/SMARCA5-24h-3_S137/manifests/globus_batch.tsv	4d25a222-4dcd-11f1-a877-02535127e3d7	submitted
SMARCA5-6h-1_S132	/mnt/pikachu/SLAM-Seq-PE-results/prod_full_20260511T103908Z/samples/SMARCA5-6h-1_S132/manifests/globus_batch.tsv	1359df21-4dce-11f1-ac7a-0afffe4617ab	submitted
SMARCA5-6h-2_S133	/mnt/pikachu/SLAM-Seq-PE-results/prod_full_20260511T103908Z/samples/SMARCA5-6h-2_S133/manifests/globus_batch.tsv	00de4077-4dcf-11f1-afdf-0afffe4617ab	submitted
SMARCA5-6h-3_S134	/mnt/pikachu/SLAM-Seq-PE-results/prod_full_20260511T103908Z/samples/SMARCA5-6h-3_S134/manifests/globus_batch.tsv	a0d876c6-4dcf-11f1-8157-0ea3589134b3	submitted
SMARCB1-0h-1_S147	/mnt/pikachu/SLAM-Seq-PE-results/prod_full_20260511T103908Z/samples/SMARCB1-0h-1_S147/manifests/globus_batch.tsv	555024ae-4dd0-11f1-9ed6-02535127e3d7	submitted
SMARCB1-0h-2_S148	/mnt/pikachu/SLAM-Seq-PE-results/prod_full_20260511T103908Z/samples/SMARCB1-0h-2_S148/manifests/globus_batch.tsv	eb38a3f1-4dd0-11f1-bb71-0afffe4617ab	submitted
SMARCB1-0h-3_S149	/mnt/pikachu/SLAM-Seq-PE-results/prod_full_20260511T103908Z/samples/SMARCB1-0h-3_S149/manifests/globus_batch.tsv	b12b2503-4dd1-11f1-a9d2-0ea3589134b3	submitted
SMARCB1-24h-1_S153	/mnt/pikachu/SLAM-Seq-PE-results/prod_full_20260511T103908Z/samples/SMARCB1-24h-1_S153/manifests/globus_batch.tsv	695e9574-4dd2-11f1-bb9a-0ea3589134b3	submitted
SMARCB1-24h-2_S154	/mnt/pikachu/SLAM-Seq-PE-results/prod_full_20260511T103908Z/samples/SMARCB1-24h-2_S154/manifests/globus_batch.tsv	58a2bbd1-4dd3-11f1-9a76-0ea3589134b3	submitted
SMARCB1-24h-3_S155	/mnt/pikachu/SLAM-Seq-PE-results/prod_full_20260511T103908Z/samples/SMARCB1-24h-3_S155/manifests/globus_batch.tsv	037a8b30-4dd4-11f1-a587-0afffe4617ab	submitted
SMARCB1-6h-1_S150	/mnt/pikachu/SLAM-Seq-PE-results/prod_full_20260511T103908Z/samples/SMARCB1-6h-1_S150/manifests/globus_batch.tsv	d2ee4102-4dd4-11f1-a05f-02535127e3d7	submitted
SMARCB1-6h-2_S151	/mnt/pikachu/SLAM-Seq-PE-results/prod_full_20260511T103908Z/samples/SMARCB1-6h-2_S151/manifests/globus_batch.tsv	8fe74c80-4dd5-11f1-9641-02535127e3d7	submitted
SMARCB1-6h-3_S152	/mnt/pikachu/SLAM-Seq-PE-results/prod_full_20260511T103908Z/samples/SMARCB1-6h-3_S152/manifests/globus_batch.tsv	3941ef20-4dd6-11f1-a92f-0afffe4617ab	submitted
SMARCC1-0h-1_S138	/mnt/pikachu/SLAM-Seq-PE-results/prod_full_20260511T103908Z/samples/SMARCC1-0h-1_S138/manifests/globus_batch.tsv	1d1dd4c6-4dd7-11f1-ab10-02535127e3d7	submitted
SMARCC1-0h-2_S139	/mnt/pikachu/SLAM-Seq-PE-results/prod_full_20260511T103908Z/samples/SMARCC1-0h-2_S139/manifests/globus_batch.tsv	ea921733-4dd7-11f1-aeb0-0ea3589134b3	submitted
SMARCC1-0h-3_S140	/mnt/pikachu/SLAM-Seq-PE-results/prod_full_20260511T103908Z/samples/SMARCC1-0h-3_S140/manifests/globus_batch.tsv	f95dce4c-4dd8-11f1-a6e8-02535127e3d7	submitted
SMARCC1-24h-1_S144	/mnt/pikachu/SLAM-Seq-PE-results/prod_full_20260511T103908Z/samples/SMARCC1-24h-1_S144/manifests/globus_batch.tsv	dc9fdb70-4dd9-11f1-b581-0ea3589134b3	submitted
SMARCC1-24h-2_S145	/mnt/pikachu/SLAM-Seq-PE-results/prod_full_20260511T103908Z/samples/SMARCC1-24h-2_S145/manifests/globus_batch.tsv	1b265873-4ddb-11f1-91c4-0afffe4617ab	submitted
SMARCC1-24h-3_S146	/mnt/pikachu/SLAM-Seq-PE-results/prod_full_20260511T103908Z/samples/SMARCC1-24h-3_S146/manifests/globus_batch.tsv	e50d17cb-4ddb-11f1-8ac4-0ea3589134b3	submitted
SMARCC1-6h-1_S141	/mnt/pikachu/SLAM-Seq-PE-results/prod_full_20260511T103908Z/samples/SMARCC1-6h-1_S141/manifests/globus_batch.tsv	bcc24d4b-4ddc-11f1-adec-0ea3589134b3	submitted
SMARCC1-6h-2_S142	/mnt/pikachu/SLAM-Seq-PE-results/prod_full_20260511T103908Z/samples/SMARCC1-6h-2_S142/manifests/globus_batch.tsv	91d7026e-4ddd-11f1-8692-0ea3589134b3	submitted
SMARCC1-6h-3_S143	/mnt/pikachu/SLAM-Seq-PE-results/prod_full_20260511T103908Z/samples/SMARCC1-6h-3_S143/manifests/globus_batch.tsv	5de2590c-4dde-11f1-969e-0ea3589134b3	submitted
SMARCD1-0h-1_S156	/mnt/pikachu/SLAM-Seq-PE-results/prod_full_20260511T103908Z/samples/SMARCD1-0h-1_S156/manifests/globus_batch.tsv	e5acc9bf-4dde-11f1-aca3-02535127e3d7	submitted
SMARCD1-0h-2_S157	/mnt/pikachu/SLAM-Seq-PE-results/prod_full_20260511T103908Z/samples/SMARCD1-0h-2_S157/manifests/globus_batch.tsv	b6fb72ce-4ddf-11f1-a5f3-0afffe4617ab	submitted
SMARCD1-0h-3_S158	/mnt/pikachu/SLAM-Seq-PE-results/prod_full_20260511T103908Z/samples/SMARCD1-0h-3_S158/manifests/globus_batch.tsv	a75062af-4de0-11f1-a83b-0ea3589134b3	submitted
SMARCD1-24h-1_S51	/mnt/pikachu/SLAM-Seq-PE-results/prod_full_20260511T103908Z/samples/SMARCD1-24h-1_S51/manifests/globus_batch.tsv	bd98f0a6-4de1-11f1-8d3c-02535127e3d7	submitted
SMARCD1-24h-2_S52	/mnt/pikachu/SLAM-Seq-PE-results/prod_full_20260511T103908Z/samples/SMARCD1-24h-2_S52/manifests/globus_batch.tsv	cd194ed9-4de2-11f1-ad6b-0ea3589134b3	submitted
SMARCD1-24h-3_S53	/mnt/pikachu/SLAM-Seq-PE-results/prod_full_20260511T103908Z/samples/SMARCD1-24h-3_S53/manifests/globus_batch.tsv	70f609b4-4de4-11f1-8520-0afffe4617ab	submitted
SMARCD1-6h-1_S159	/mnt/pikachu/SLAM-Seq-PE-results/prod_full_20260511T103908Z/samples/SMARCD1-6h-1_S159/manifests/globus_batch.tsv	1185d6d8-4de5-11f1-82ef-02535127e3d7	submitted
SMARCD1-6h-2_S160	/mnt/pikachu/SLAM-Seq-PE-results/prod_full_20260511T103908Z/samples/SMARCD1-6h-2_S160/manifests/globus_batch.tsv	0b299d10-4de6-11f1-934c-0ea3589134b3	submitted
SMARCD1-6h-3_S161	/mnt/pikachu/SLAM-Seq-PE-results/prod_full_20260511T103908Z/samples/SMARCD1-6h-3_S161/manifests/globus_batch.tsv	f8154751-4de6-11f1-affd-0ea3589134b3	submitted
SSU72-0h-1_S34	/mnt/pikachu/SLAM-Seq-PE-results/prod_full_20260511T103908Z/samples/SSU72-0h-1_S34/manifests/globus_batch.tsv	b702085e-4de7-11f1-85cc-0ea3589134b3	submitted
SSU72-0h-2_S35	/mnt/pikachu/SLAM-Seq-PE-results/prod_full_20260511T103908Z/samples/SSU72-0h-2_S35/manifests/globus_batch.tsv	941411cf-4de8-11f1-bbfe-02535127e3d7	submitted
SSU72-0h-3_S36	/mnt/pikachu/SLAM-Seq-PE-results/prod_full_20260511T103908Z/samples/SSU72-0h-3_S36/manifests/globus_batch.tsv	791dc419-4de9-11f1-b8e3-02535127e3d7	submitted
SSU72-6h-1_S37	/mnt/pikachu/SLAM-Seq-PE-results/prod_full_20260511T103908Z/samples/SSU72-6h-1_S37/manifests/globus_batch.tsv	2950b1f8-4dea-11f1-a8cb-0ea3589134b3	submitted
SSU72-6h-2_S38	/mnt/pikachu/SLAM-Seq-PE-results/prod_full_20260511T103908Z/samples/SSU72-6h-2_S38/manifests/globus_batch.tsv	ec1d6b40-4dea-11f1-ad65-0afffe4617ab	submitted
SSU72-6h-3_S39	/mnt/pikachu/SLAM-Seq-PE-results/prod_full_20260511T103908Z/samples/SSU72-6h-3_S39/manifests/globus_batch.tsv	a3194c6d-4deb-11f1-81a9-0ea3589134b3	submitted
TFDP1-0h-1_S190	/mnt/pikachu/SLAM-Seq-PE-results/prod_full_20260511T103908Z/samples/TFDP1-0h-1_S190/manifests/globus_batch.tsv	46721d6b-4dec-11f1-abf0-0ea3589134b3	submitted
TFDP1-0h-2_S191	/mnt/pikachu/SLAM-Seq-PE-results/prod_full_20260511T103908Z/samples/TFDP1-0h-2_S191/manifests/globus_batch.tsv	f5232e64-4dec-11f1-b7e4-0afffe4617ab	submitted
TFDP1-0h-3_S192	/mnt/pikachu/SLAM-Seq-PE-results/prod_full_20260511T103908Z/samples/TFDP1-0h-3_S192/manifests/globus_batch.tsv	8a07ff42-4ded-11f1-9ddc-0afffe4617ab	submitted
TFDP1-24h-1_S196	/mnt/pikachu/SLAM-Seq-PE-results/prod_full_20260511T103908Z/samples/TFDP1-24h-1_S196/manifests/globus_batch.tsv	2850d0b2-4dee-11f1-8916-0ea3589134b3	submitted
TFDP1-24h-2_S197	/mnt/pikachu/SLAM-Seq-PE-results/prod_full_20260511T103908Z/samples/TFDP1-24h-2_S197/manifests/globus_batch.tsv	a021e085-4dee-11f1-8cf9-02535127e3d7	submitted
TFDP1-24h-3_S198	/mnt/pikachu/SLAM-Seq-PE-results/prod_full_20260511T103908Z/samples/TFDP1-24h-3_S198/manifests/globus_batch.tsv	2918d6fe-4def-11f1-90a8-0afffe4617ab	submitted
TFDP1-6h-1_S193	/mnt/pikachu/SLAM-Seq-PE-results/prod_full_20260511T103908Z/samples/TFDP1-6h-1_S193/manifests/globus_batch.tsv	d2c715b1-4def-11f1-91fd-0afffe4617ab	submitted
TFDP1-6h-2_S194	/mnt/pikachu/SLAM-Seq-PE-results/prod_full_20260511T103908Z/samples/TFDP1-6h-2_S194/manifests/globus_batch.tsv	706c0d8c-4df0-11f1-8cb8-0afffe4617ab	submitted
TFDP1-6h-3_S195	/mnt/pikachu/SLAM-Seq-PE-results/prod_full_20260511T103908Z/samples/TFDP1-6h-3_S195/manifests/globus_batch.tsv	1413506d-4df1-11f1-8ad7-0ea3589134b3	submitted
U2AF2-0h-1_S96	/mnt/pikachu/SLAM-Seq-PE-results/prod_full_20260511T103908Z/samples/U2AF2-0h-1_S96/manifests/globus_batch.tsv	d5d014a3-4df1-11f1-b1c8-02535127e3d7	submitted
U2AF2-0h-2_S97	/mnt/pikachu/SLAM-Seq-PE-results/prod_full_20260511T103908Z/samples/U2AF2-0h-2_S97/manifests/globus_batch.tsv	5d1187dc-4df2-11f1-8814-0ea3589134b3	submitted
U2AF2-0h-3_S98	/mnt/pikachu/SLAM-Seq-PE-results/prod_full_20260511T103908Z/samples/U2AF2-0h-3_S98/manifests/globus_batch.tsv	e224259e-4df2-11f1-bd72-0ea3589134b3	submitted
U2AF2-6h-1_S99	/mnt/pikachu/SLAM-Seq-PE-results/prod_full_20260511T103908Z/samples/U2AF2-6h-1_S99/manifests/globus_batch.tsv	9012b8e7-4df3-11f1-9bc9-0afffe4617ab	submitted
U2AF2-6h-2_S100	/mnt/pikachu/SLAM-Seq-PE-results/prod_full_20260511T103908Z/samples/U2AF2-6h-2_S100/manifests/globus_batch.tsv	2d2c538f-4df4-11f1-881d-0afffe4617ab	submitted
U2AF2-6h-3_S101	/mnt/pikachu/SLAM-Seq-PE-results/prod_full_20260511T103908Z/samples/U2AF2-6h-3_S101/manifests/globus_batch.tsv	b1ca4c32-4df4-11f1-81bd-02535127e3d7	submitted
WDHD1-0h-1_S199	/mnt/pikachu/SLAM-Seq-PE-results/prod_full_20260511T103908Z/samples/WDHD1-0h-1_S199/manifests/globus_batch.tsv	28730b4b-4df5-11f1-84e7-0ea3589134b3	submitted
WDHD1-0h-2_S200	/mnt/pikachu/SLAM-Seq-PE-results/prod_full_20260511T103908Z/samples/WDHD1-0h-2_S200/manifests/globus_batch.tsv	c3292fe0-4df5-11f1-b6ad-0afffe4617ab	submitted
WDHD1-0h-3_S201	/mnt/pikachu/SLAM-Seq-PE-results/prod_full_20260511T103908Z/samples/WDHD1-0h-3_S201/manifests/globus_batch.tsv	f01fa0ab-4df5-11f1-aa73-0ea3589134b3	submitted
WDHD1-24h-1_S205	/mnt/pikachu/SLAM-Seq-PE-results/prod_full_20260511T103908Z/samples/WDHD1-24h-1_S205/manifests/globus_batch.tsv	68b588aa-4df6-11f1-8a25-0afffe4617ab	submitted
WDHD1-24h-2_S206	/mnt/pikachu/SLAM-Seq-PE-results/prod_full_20260511T103908Z/samples/WDHD1-24h-2_S206/manifests/globus_batch.tsv	edf5b66d-4df6-11f1-ab05-02535127e3d7	submitted
WDHD1-24h-3_S207	/mnt/pikachu/SLAM-Seq-PE-results/prod_full_20260511T103908Z/samples/WDHD1-24h-3_S207/manifests/globus_batch.tsv	76936ff3-4df7-11f1-8d5a-02535127e3d7	submitted
WDHD1-6h-1_S202	/mnt/pikachu/SLAM-Seq-PE-results/prod_full_20260511T103908Z/samples/WDHD1-6h-1_S202/manifests/globus_batch.tsv	447916bb-4df8-11f1-992f-0afffe4617ab	submitted
WDHD1-6h-2_S203	/mnt/pikachu/SLAM-Seq-PE-results/prod_full_20260511T103908Z/samples/WDHD1-6h-2_S203/manifests/globus_batch.tsv	177de03a-4df9-11f1-bdea-02535127e3d7	submitted
WDHD1-6h-3_S204	/mnt/pikachu/SLAM-Seq-PE-results/prod_full_20260511T103908Z/samples/WDHD1-6h-3_S204/manifests/globus_batch.tsv	caeb448c-4df9-11f1-b591-0afffe4617ab	submitted
YRDC-0h-1_S172	/mnt/pikachu/SLAM-Seq-PE-results/prod_full_20260511T103908Z/samples/YRDC-0h-1_S172/manifests/globus_batch.tsv	a2e6a5bd-4dfa-11f1-bb2f-0ea3589134b3	submitted
YRDC-0h-2_S173	/mnt/pikachu/SLAM-Seq-PE-results/prod_full_20260511T103908Z/samples/YRDC-0h-2_S173/manifests/globus_batch.tsv	785865f3-4dfb-11f1-9b72-0ea3589134b3	submitted
YRDC-0h-3_S174	/mnt/pikachu/SLAM-Seq-PE-results/prod_full_20260511T103908Z/samples/YRDC-0h-3_S174/manifests/globus_batch.tsv	3876d35c-4dfc-11f1-a346-0ea3589134b3	submitted
YRDC-24h-1_S178	/mnt/pikachu/SLAM-Seq-PE-results/prod_full_20260511T103908Z/samples/YRDC-24h-1_S178/manifests/globus_batch.tsv	ea4a400c-4dfc-11f1-97fd-02535127e3d7	submitted
YRDC-24h-2_S179	/mnt/pikachu/SLAM-Seq-PE-results/prod_full_20260511T103908Z/samples/YRDC-24h-2_S179/manifests/globus_batch.tsv	aa8e9cd6-4dfd-11f1-8448-02535127e3d7	submitted
YRDC-24h-3_S180	/mnt/pikachu/SLAM-Seq-PE-results/prod_full_20260511T103908Z/samples/YRDC-24h-3_S180/manifests/globus_batch.tsv	6dda4791-4dfe-11f1-a3ec-0afffe4617ab	submitted
YRDC-6h-1_S175	/mnt/pikachu/SLAM-Seq-PE-results/prod_full_20260511T103908Z/samples/YRDC-6h-1_S175/manifests/globus_batch.tsv	259fa0b3-4dff-11f1-ac24-0ea3589134b3	submitted
YRDC-6h-2_S176	/mnt/pikachu/SLAM-Seq-PE-results/prod_full_20260511T103908Z/samples/YRDC-6h-2_S176/manifests/globus_batch.tsv	e42e1c48-4dff-11f1-b756-0ea3589134b3	submitted
YRDC-6h-3_S177	/mnt/pikachu/SLAM-Seq-PE-results/prod_full_20260511T103908Z/samples/YRDC-6h-3_S177/manifests/globus_batch.tsv	971fb5b8-4e00-11f1-8f8d-0ea3589134b3	submitted
YY1-0h-1_S75	/mnt/pikachu/SLAM-Seq-PE-results/prod_full_20260511T103908Z/samples/YY1-0h-1_S75/manifests/globus_batch.tsv	8d65e326-4e01-11f1-abba-0ea3589134b3	submitted
YY1-0h-2_S76	/mnt/pikachu/SLAM-Seq-PE-results/prod_full_20260511T103908Z/samples/YY1-0h-2_S76/manifests/globus_batch.tsv	ac41bd73-4e02-11f1-bcee-0ea3589134b3	submitted
YY1-0h-3_S77	/mnt/pikachu/SLAM-Seq-PE-results/prod_full_20260511T103908Z/samples/YY1-0h-3_S77/manifests/globus_batch.tsv	6166746c-4e03-11f1-8850-02535127e3d7	submitted
YY1-24h-1_S81	/mnt/pikachu/SLAM-Seq-PE-results/prod_full_20260511T103908Z/samples/YY1-24h-1_S81/manifests/globus_batch.tsv	072944b5-4e04-11f1-98f3-0afffe4617ab	submitted
YY1-24h-2_S82	/mnt/pikachu/SLAM-Seq-PE-results/prod_full_20260511T103908Z/samples/YY1-24h-2_S82/manifests/globus_batch.tsv	c1d4bc31-4e04-11f1-b236-0afffe4617ab	submitted
YY1-24h-3_S83	/mnt/pikachu/SLAM-Seq-PE-results/prod_full_20260511T103908Z/samples/YY1-24h-3_S83/manifests/globus_batch.tsv	fcd05b53-4e05-11f1-bec2-0afffe4617ab	submitted
YY1-6h-1_S78	/mnt/pikachu/SLAM-Seq-PE-results/prod_full_20260511T103908Z/samples/YY1-6h-1_S78/manifests/globus_batch.tsv	ec8894ff-4e06-11f1-a42a-02535127e3d7	submitted
YY1-6h-2_S79	/mnt/pikachu/SLAM-Seq-PE-results/prod_full_20260511T103908Z/samples/YY1-6h-2_S79/manifests/globus_batch.tsv	af1afc99-4e07-11f1-bc77-0ea3589134b3	submitted
YY1-6h-3_S80	/mnt/pikachu/SLAM-Seq-PE-results/prod_full_20260511T103908Z/samples/YY1-6h-3_S80/manifests/globus_batch.tsv	2c6a8a72-4e08-11f1-b45a-0ea3589134b3	submitted
prmt5_0h_1_S54	/mnt/pikachu/SLAM-Seq-PE-results/prod_full_20260511T103908Z/samples/prmt5_0h_1_S54/manifests/globus_batch.tsv	002fe2ff-4e09-11f1-86b3-0ea3589134b3	submitted
prmt5_0h_2_S55	/mnt/pikachu/SLAM-Seq-PE-results/prod_full_20260511T103908Z/samples/prmt5_0h_2_S55/manifests/globus_batch.tsv	fb52a5d2-4e09-11f1-802a-0ea3589134b3	submitted
prmt5_0h_3_S56	/mnt/pikachu/SLAM-Seq-PE-results/prod_full_20260511T103908Z/samples/prmt5_0h_3_S56/manifests/globus_batch.tsv	3365bd61-4e0b-11f1-a289-02535127e3d7	submitted
prmt5_24h_1_S60	/mnt/pikachu/SLAM-Seq-PE-results/prod_full_20260511T103908Z/samples/prmt5_24h_1_S60/manifests/globus_batch.tsv	4a6c308b-4e0c-11f1-9739-0afffe4617ab	submitted
prmt5_24h_2_S61	/mnt/pikachu/SLAM-Seq-PE-results/prod_full_20260511T103908Z/samples/prmt5_24h_2_S61/manifests/globus_batch.tsv	72e27263-4e0d-11f1-8e15-0afffe4617ab	submitted
prmt5_24h_3_S62	/mnt/pikachu/SLAM-Seq-PE-results/prod_full_20260511T103908Z/samples/prmt5_24h_3_S62/manifests/globus_batch.tsv	8c30671c-4e0e-11f1-93d4-0afffe4617ab	submitted
prmt5_6h_1_S57	/mnt/pikachu/SLAM-Seq-PE-results/prod_full_20260511T103908Z/samples/prmt5_6h_1_S57/manifests/globus_batch.tsv	8e75850c-4e0f-11f1-9b21-0afffe4617ab	submitted
prmt5_6h_2_S58	/mnt/pikachu/SLAM-Seq-PE-results/prod_full_20260511T103908Z/samples/prmt5_6h_2_S58/manifests/globus_batch.tsv	85b06f5c-4e10-11f1-b5fb-0afffe4617ab	submitted
prmt5_6h_3_S59	/mnt/pikachu/SLAM-Seq-PE-results/prod_full_20260511T103908Z/samples/prmt5_6h_3_S59/manifests/globus_batch.tsv	9c87ad61-4e11-11f1-8736-0ea3589134b3	submitted
