dataset	sample	relative_path	bytes	source	source_mtime_utc	destination
JAX scRNAseq02	GCM1-Day-4	GCM1-Day-4/downstream_genefull_velocyto_cellbender/adaptive_qc_threshold.json	1029	/mnt/pikachu/JAX_scRNAseq02_processed/ocm_prod_batch_flex_native_yremove_trace_20260521T034223Z/25E32-L3/samples/GCM1-Day-4/downstream_genefull_velocyto_cellbender_remote/adaptive_qc_threshold.json	2026-05-21T06:50:01Z	/JAX_scRNAseq02_processed/JAX-scRNAseq02-5-22-26/GCM1-Day-4/downstream_genefull_velocyto_cellbender/adaptive_qc_threshold.json
JAX scRNAseq02	GCM1-Day-4	GCM1-Day-4/downstream_genefull_velocyto_cellbender/cellbender/cellbender_counts.log	34655	/mnt/pikachu/JAX_scRNAseq02_processed/ocm_prod_batch_flex_native_yremove_trace_20260521T034223Z/25E32-L3/samples/GCM1-Day-4/downstream_genefull_velocyto_cellbender_remote/cellbender/cellbender_counts.log	2026-05-21T07:28:11Z	/JAX_scRNAseq02_processed/JAX-scRNAseq02-5-22-26/GCM1-Day-4/downstream_genefull_velocyto_cellbender/cellbender/cellbender_counts.log
JAX scRNAseq02	GCM1-Day-4	GCM1-Day-4/downstream_genefull_velocyto_cellbender/cellbender/cellbender_counts.pdf	58958	/mnt/pikachu/JAX_scRNAseq02_processed/ocm_prod_batch_flex_native_yremove_trace_20260521T034223Z/25E32-L3/samples/GCM1-Day-4/downstream_genefull_velocyto_cellbender_remote/cellbender/cellbender_counts.pdf	2026-05-21T07:21:59Z	/JAX_scRNAseq02_processed/JAX-scRNAseq02-5-22-26/GCM1-Day-4/downstream_genefull_velocyto_cellbender/cellbender/cellbender_counts.pdf
JAX scRNAseq02	GCM1-Day-4	GCM1-Day-4/downstream_genefull_velocyto_cellbender/cellbender/cellbender_counts_cell_barcodes.csv	614821	/mnt/pikachu/JAX_scRNAseq02_processed/ocm_prod_batch_flex_native_yremove_trace_20260521T034223Z/25E32-L3/samples/GCM1-Day-4/downstream_genefull_velocyto_cellbender_remote/cellbender/cellbender_counts_cell_barcodes.csv	2026-05-21T07:21:59Z	/JAX_scRNAseq02_processed/JAX-scRNAseq02-5-22-26/GCM1-Day-4/downstream_genefull_velocyto_cellbender/cellbender/cellbender_counts_cell_barcodes.csv
JAX scRNAseq02	GCM1-Day-4	GCM1-Day-4/downstream_genefull_velocyto_cellbender/cellbender/cellbender_counts_metrics.csv	585	/mnt/pikachu/JAX_scRNAseq02_processed/ocm_prod_batch_flex_native_yremove_trace_20260521T034223Z/25E32-L3/samples/GCM1-Day-4/downstream_genefull_velocyto_cellbender_remote/cellbender/cellbender_counts_metrics.csv	2026-05-21T07:27:59Z	/JAX_scRNAseq02_processed/JAX-scRNAseq02-5-22-26/GCM1-Day-4/downstream_genefull_velocyto_cellbender/cellbender/cellbender_counts_metrics.csv
JAX scRNAseq02	GCM1-Day-4	GCM1-Day-4/downstream_genefull_velocyto_cellbender/cellbender/cellbender_counts_report.html	1020232	/mnt/pikachu/JAX_scRNAseq02_processed/ocm_prod_batch_flex_native_yremove_trace_20260521T034223Z/25E32-L3/samples/GCM1-Day-4/downstream_genefull_velocyto_cellbender_remote/cellbender/cellbender_counts_report.html	2026-05-21T07:28:11Z	/JAX_scRNAseq02_processed/JAX-scRNAseq02-5-22-26/GCM1-Day-4/downstream_genefull_velocyto_cellbender/cellbender/cellbender_counts_report.html
JAX scRNAseq02	GCM1-Day-4	GCM1-Day-4/downstream_genefull_velocyto_cellbender/counts.h5ad	1079103414	/mnt/pikachu/JAX_scRNAseq02_processed/ocm_prod_batch_flex_native_yremove_trace_20260521T034223Z/25E32-L3/samples/GCM1-Day-4/downstream_genefull_velocyto_cellbender_remote/counts.h5ad	2026-05-21T07:28:17Z	/JAX_scRNAseq02_processed/JAX-scRNAseq02-5-22-26/GCM1-Day-4/downstream_genefull_velocyto_cellbender/counts.h5ad
JAX scRNAseq02	GCM1-Day-4	GCM1-Day-4/downstream_genefull_velocyto_cellbender/default_singlet_filtered_counts.h5ad	190728502	/mnt/pikachu/JAX_scRNAseq02_processed/ocm_prod_batch_flex_native_yremove_trace_20260521T034223Z/25E32-L3/samples/GCM1-Day-4/downstream_genefull_velocyto_cellbender_remote/default_singlet_filtered_counts.h5ad	2026-05-21T07:28:27Z	/JAX_scRNAseq02_processed/JAX-scRNAseq02-5-22-26/GCM1-Day-4/downstream_genefull_velocyto_cellbender/default_singlet_filtered_counts.h5ad
JAX scRNAseq02	GCM1-Day-4	GCM1-Day-4/downstream_genefull_velocyto_cellbender/doublet_barcodes.txt	14250	/mnt/pikachu/JAX_scRNAseq02_processed/ocm_prod_batch_flex_native_yremove_trace_20260521T034223Z/25E32-L3/samples/GCM1-Day-4/downstream_genefull_velocyto_cellbender_remote/doublet_barcodes.txt	2026-05-21T06:47:17Z	/JAX_scRNAseq02_processed/JAX-scRNAseq02-5-22-26/GCM1-Day-4/downstream_genefull_velocyto_cellbender/doublet_barcodes.txt
JAX scRNAseq02	GCM1-Day-4	GCM1-Day-4/downstream_genefull_velocyto_cellbender/filtered_barcodes_with_scores.txt	673511	/mnt/pikachu/JAX_scRNAseq02_processed/ocm_prod_batch_flex_native_yremove_trace_20260521T034223Z/25E32-L3/samples/GCM1-Day-4/downstream_genefull_velocyto_cellbender_remote/filtered_barcodes_with_scores.txt	2026-05-21T06:47:17Z	/JAX_scRNAseq02_processed/JAX-scRNAseq02-5-22-26/GCM1-Day-4/downstream_genefull_velocyto_cellbender/filtered_barcodes_with_scores.txt
JAX scRNAseq02	GCM1-Day-4	GCM1-Day-4/downstream_genefull_velocyto_cellbender/filtered_counts.h5ad	190728502	/mnt/pikachu/JAX_scRNAseq02_processed/ocm_prod_batch_flex_native_yremove_trace_20260521T034223Z/25E32-L3/samples/GCM1-Day-4/downstream_genefull_velocyto_cellbender_remote/filtered_counts.h5ad	2026-05-21T07:28:25Z	/JAX_scRNAseq02_processed/JAX-scRNAseq02-5-22-26/GCM1-Day-4/downstream_genefull_velocyto_cellbender/filtered_counts.h5ad
JAX scRNAseq02	GCM1-Day-4	GCM1-Day-4/downstream_genefull_velocyto_cellbender/final_counts.h5ad	1123357494	/mnt/pikachu/JAX_scRNAseq02_processed/ocm_prod_batch_flex_native_yremove_trace_20260521T034223Z/25E32-L3/samples/GCM1-Day-4/downstream_genefull_velocyto_cellbender_remote/final_counts.h5ad	2026-05-21T07:28:28Z	/JAX_scRNAseq02_processed/JAX-scRNAseq02-5-22-26/GCM1-Day-4/downstream_genefull_velocyto_cellbender/final_counts.h5ad
JAX scRNAseq02	GCM1-Day-4	GCM1-Day-4/downstream_genefull_velocyto_cellbender/gene_quantile_histogram.html	3744414	/mnt/pikachu/JAX_scRNAseq02_processed/ocm_prod_batch_flex_native_yremove_trace_20260521T034223Z/25E32-L3/samples/GCM1-Day-4/downstream_genefull_velocyto_cellbender_remote/gene_quantile_histogram.html	2026-05-21T06:50:03Z	/JAX_scRNAseq02_processed/JAX-scRNAseq02-5-22-26/GCM1-Day-4/downstream_genefull_velocyto_cellbender/gene_quantile_histogram.html
JAX scRNAseq02	GCM1-Day-4	GCM1-Day-4/downstream_genefull_velocyto_cellbender/gene_quantile_histogram.png	166845	/mnt/pikachu/JAX_scRNAseq02_processed/ocm_prod_batch_flex_native_yremove_trace_20260521T034223Z/25E32-L3/samples/GCM1-Day-4/downstream_genefull_velocyto_cellbender_remote/gene_quantile_histogram.png	2026-05-21T06:50:04Z	/JAX_scRNAseq02_processed/JAX-scRNAseq02-5-22-26/GCM1-Day-4/downstream_genefull_velocyto_cellbender/gene_quantile_histogram.png
JAX scRNAseq02	GCM1-Day-4	GCM1-Day-4/downstream_genefull_velocyto_cellbender/non_empty_barcodes.txt	271054	/mnt/pikachu/JAX_scRNAseq02_processed/ocm_prod_batch_flex_native_yremove_trace_20260521T034223Z/25E32-L3/samples/GCM1-Day-4/downstream_genefull_velocyto_cellbender_remote/non_empty_barcodes.txt	2026-05-21T06:46:08Z	/JAX_scRNAseq02_processed/JAX-scRNAseq02-5-22-26/GCM1-Day-4/downstream_genefull_velocyto_cellbender/non_empty_barcodes.txt
JAX scRNAseq02	GCM1-Day-4	GCM1-Day-4/downstream_genefull_velocyto_cellbender/summary.txt	11461	/mnt/pikachu/JAX_scRNAseq02_processed/ocm_prod_batch_flex_native_yremove_trace_20260521T034223Z/25E32-L3/samples/GCM1-Day-4/downstream_genefull_velocyto_cellbender_remote/summary.txt	2026-05-21T07:28:30Z	/JAX_scRNAseq02_processed/JAX-scRNAseq02-5-22-26/GCM1-Day-4/downstream_genefull_velocyto_cellbender/summary.txt
JAX scRNAseq02	GCM1-Day-4	GCM1-Day-4/downstream_genefull_velocyto_cellbender/unfiltered_counts.h5ad	1123357494	/mnt/pikachu/JAX_scRNAseq02_processed/ocm_prod_batch_flex_native_yremove_trace_20260521T034223Z/25E32-L3/samples/GCM1-Day-4/downstream_genefull_velocyto_cellbender_remote/unfiltered_counts.h5ad	2026-05-21T07:28:22Z	/JAX_scRNAseq02_processed/JAX-scRNAseq02-5-22-26/GCM1-Day-4/downstream_genefull_velocyto_cellbender/unfiltered_counts.h5ad
JAX scRNAseq02	GRHL1-Day-4	GRHL1-Day-4/downstream_genefull_velocyto_cellbender/adaptive_qc_threshold.json	1045	/mnt/pikachu/JAX_scRNAseq02_processed/ocm_prod_batch_flex_native_yremove_trace_20260521T034223Z/25E32-L3/samples/GRHL1-Day-4/downstream_genefull_velocyto_cellbender_remote/adaptive_qc_threshold.json	2026-05-21T07:30:57Z	/JAX_scRNAseq02_processed/JAX-scRNAseq02-5-22-26/GRHL1-Day-4/downstream_genefull_velocyto_cellbender/adaptive_qc_threshold.json
JAX scRNAseq02	GRHL1-Day-4	GRHL1-Day-4/downstream_genefull_velocyto_cellbender/cellbender/cellbender_counts.log	21434	/mnt/pikachu/JAX_scRNAseq02_processed/ocm_prod_batch_flex_native_yremove_trace_20260521T034223Z/25E32-L3/samples/GRHL1-Day-4/downstream_genefull_velocyto_cellbender_remote/cellbender/cellbender_counts.log	2026-05-21T07:41:02Z	/JAX_scRNAseq02_processed/JAX-scRNAseq02-5-22-26/GRHL1-Day-4/downstream_genefull_velocyto_cellbender/cellbender/cellbender_counts.log
JAX scRNAseq02	GRHL1-Day-4	GRHL1-Day-4/downstream_genefull_velocyto_cellbender/cellbender/cellbender_counts.pdf	78821	/mnt/pikachu/JAX_scRNAseq02_processed/ocm_prod_batch_flex_native_yremove_trace_20260521T034223Z/25E32-L3/samples/GRHL1-Day-4/downstream_genefull_velocyto_cellbender_remote/cellbender/cellbender_counts.pdf	2026-05-21T07:37:00Z	/JAX_scRNAseq02_processed/JAX-scRNAseq02-5-22-26/GRHL1-Day-4/downstream_genefull_velocyto_cellbender/cellbender/cellbender_counts.pdf
JAX scRNAseq02	GRHL1-Day-4	GRHL1-Day-4/downstream_genefull_velocyto_cellbender/cellbender/cellbender_counts_cell_barcodes.csv	68533	/mnt/pikachu/JAX_scRNAseq02_processed/ocm_prod_batch_flex_native_yremove_trace_20260521T034223Z/25E32-L3/samples/GRHL1-Day-4/downstream_genefull_velocyto_cellbender_remote/cellbender/cellbender_counts_cell_barcodes.csv	2026-05-21T07:37:00Z	/JAX_scRNAseq02_processed/JAX-scRNAseq02-5-22-26/GRHL1-Day-4/downstream_genefull_velocyto_cellbender/cellbender/cellbender_counts_cell_barcodes.csv
JAX scRNAseq02	GRHL1-Day-4	GRHL1-Day-4/downstream_genefull_velocyto_cellbender/cellbender/cellbender_counts_metrics.csv	585	/mnt/pikachu/JAX_scRNAseq02_processed/ocm_prod_batch_flex_native_yremove_trace_20260521T034223Z/25E32-L3/samples/GRHL1-Day-4/downstream_genefull_velocyto_cellbender_remote/cellbender/cellbender_counts_metrics.csv	2026-05-21T07:40:51Z	/JAX_scRNAseq02_processed/JAX-scRNAseq02-5-22-26/GRHL1-Day-4/downstream_genefull_velocyto_cellbender/cellbender/cellbender_counts_metrics.csv
JAX scRNAseq02	GRHL1-Day-4	GRHL1-Day-4/downstream_genefull_velocyto_cellbender/cellbender/cellbender_counts_report.html	1031268	/mnt/pikachu/JAX_scRNAseq02_processed/ocm_prod_batch_flex_native_yremove_trace_20260521T034223Z/25E32-L3/samples/GRHL1-Day-4/downstream_genefull_velocyto_cellbender_remote/cellbender/cellbender_counts_report.html	2026-05-21T07:41:02Z	/JAX_scRNAseq02_processed/JAX-scRNAseq02-5-22-26/GRHL1-Day-4/downstream_genefull_velocyto_cellbender/cellbender/cellbender_counts_report.html
JAX scRNAseq02	GRHL1-Day-4	GRHL1-Day-4/downstream_genefull_velocyto_cellbender/counts.h5ad	683947318	/mnt/pikachu/JAX_scRNAseq02_processed/ocm_prod_batch_flex_native_yremove_trace_20260521T034223Z/25E32-L3/samples/GRHL1-Day-4/downstream_genefull_velocyto_cellbender_remote/counts.h5ad	2026-05-21T07:41:06Z	/JAX_scRNAseq02_processed/JAX-scRNAseq02-5-22-26/GRHL1-Day-4/downstream_genefull_velocyto_cellbender/counts.h5ad
JAX scRNAseq02	GRHL1-Day-4	GRHL1-Day-4/downstream_genefull_velocyto_cellbender/default_singlet_filtered_counts.h5ad	390123730	/mnt/pikachu/JAX_scRNAseq02_processed/ocm_prod_batch_flex_native_yremove_trace_20260521T034223Z/25E32-L3/samples/GRHL1-Day-4/downstream_genefull_velocyto_cellbender_remote/default_singlet_filtered_counts.h5ad	2026-05-21T07:41:15Z	/JAX_scRNAseq02_processed/JAX-scRNAseq02-5-22-26/GRHL1-Day-4/downstream_genefull_velocyto_cellbender/default_singlet_filtered_counts.h5ad
JAX scRNAseq02	GRHL1-Day-4	GRHL1-Day-4/downstream_genefull_velocyto_cellbender/doublet_barcodes.txt	5358	/mnt/pikachu/JAX_scRNAseq02_processed/ocm_prod_batch_flex_native_yremove_trace_20260521T034223Z/25E32-L3/samples/GRHL1-Day-4/downstream_genefull_velocyto_cellbender_remote/doublet_barcodes.txt	2026-05-21T07:30:09Z	/JAX_scRNAseq02_processed/JAX-scRNAseq02-5-22-26/GRHL1-Day-4/downstream_genefull_velocyto_cellbender/doublet_barcodes.txt
JAX scRNAseq02	GRHL1-Day-4	GRHL1-Day-4/downstream_genefull_velocyto_cellbender/filtered_barcodes_with_scores.txt	178860	/mnt/pikachu/JAX_scRNAseq02_processed/ocm_prod_batch_flex_native_yremove_trace_20260521T034223Z/25E32-L3/samples/GRHL1-Day-4/downstream_genefull_velocyto_cellbender_remote/filtered_barcodes_with_scores.txt	2026-05-21T07:30:09Z	/JAX_scRNAseq02_processed/JAX-scRNAseq02-5-22-26/GRHL1-Day-4/downstream_genefull_velocyto_cellbender/filtered_barcodes_with_scores.txt
JAX scRNAseq02	GRHL1-Day-4	GRHL1-Day-4/downstream_genefull_velocyto_cellbender/filtered_counts.h5ad	434147784	/mnt/pikachu/JAX_scRNAseq02_processed/ocm_prod_batch_flex_native_yremove_trace_20260521T034223Z/25E32-L3/samples/GRHL1-Day-4/downstream_genefull_velocyto_cellbender_remote/filtered_counts.h5ad	2026-05-21T07:41:13Z	/JAX_scRNAseq02_processed/JAX-scRNAseq02-5-22-26/GRHL1-Day-4/downstream_genefull_velocyto_cellbender/filtered_counts.h5ad
JAX scRNAseq02	GRHL1-Day-4	GRHL1-Day-4/downstream_genefull_velocyto_cellbender/final_counts.h5ad	728201398	/mnt/pikachu/JAX_scRNAseq02_processed/ocm_prod_batch_flex_native_yremove_trace_20260521T034223Z/25E32-L3/samples/GRHL1-Day-4/downstream_genefull_velocyto_cellbender_remote/final_counts.h5ad	2026-05-21T07:41:16Z	/JAX_scRNAseq02_processed/JAX-scRNAseq02-5-22-26/GRHL1-Day-4/downstream_genefull_velocyto_cellbender/final_counts.h5ad
JAX scRNAseq02	GRHL1-Day-4	GRHL1-Day-4/downstream_genefull_velocyto_cellbender/gene_quantile_histogram.html	3675567	/mnt/pikachu/JAX_scRNAseq02_processed/ocm_prod_batch_flex_native_yremove_trace_20260521T034223Z/25E32-L3/samples/GRHL1-Day-4/downstream_genefull_velocyto_cellbender_remote/gene_quantile_histogram.html	2026-05-21T07:30:59Z	/JAX_scRNAseq02_processed/JAX-scRNAseq02-5-22-26/GRHL1-Day-4/downstream_genefull_velocyto_cellbender/gene_quantile_histogram.html
JAX scRNAseq02	GRHL1-Day-4	GRHL1-Day-4/downstream_genefull_velocyto_cellbender/gene_quantile_histogram.png	200855	/mnt/pikachu/JAX_scRNAseq02_processed/ocm_prod_batch_flex_native_yremove_trace_20260521T034223Z/25E32-L3/samples/GRHL1-Day-4/downstream_genefull_velocyto_cellbender_remote/gene_quantile_histogram.png	2026-05-21T07:30:59Z	/JAX_scRNAseq02_processed/JAX-scRNAseq02-5-22-26/GRHL1-Day-4/downstream_genefull_velocyto_cellbender/gene_quantile_histogram.png
JAX scRNAseq02	GRHL1-Day-4	GRHL1-Day-4/downstream_genefull_velocyto_cellbender/non_empty_barcodes.txt	73910	/mnt/pikachu/JAX_scRNAseq02_processed/ocm_prod_batch_flex_native_yremove_trace_20260521T034223Z/25E32-L3/samples/GRHL1-Day-4/downstream_genefull_velocyto_cellbender_remote/non_empty_barcodes.txt	2026-05-21T07:29:53Z	/JAX_scRNAseq02_processed/JAX-scRNAseq02-5-22-26/GRHL1-Day-4/downstream_genefull_velocyto_cellbender/non_empty_barcodes.txt
JAX scRNAseq02	GRHL1-Day-4	GRHL1-Day-4/downstream_genefull_velocyto_cellbender/summary.txt	13134	/mnt/pikachu/JAX_scRNAseq02_processed/ocm_prod_batch_flex_native_yremove_trace_20260521T034223Z/25E32-L3/samples/GRHL1-Day-4/downstream_genefull_velocyto_cellbender_remote/summary.txt	2026-05-21T07:41:19Z	/JAX_scRNAseq02_processed/JAX-scRNAseq02-5-22-26/GRHL1-Day-4/downstream_genefull_velocyto_cellbender/summary.txt
JAX scRNAseq02	GRHL1-Day-4	GRHL1-Day-4/downstream_genefull_velocyto_cellbender/unfiltered_counts.h5ad	728201398	/mnt/pikachu/JAX_scRNAseq02_processed/ocm_prod_batch_flex_native_yremove_trace_20260521T034223Z/25E32-L3/samples/GRHL1-Day-4/downstream_genefull_velocyto_cellbender_remote/unfiltered_counts.h5ad	2026-05-21T07:41:10Z	/JAX_scRNAseq02_processed/JAX-scRNAseq02-5-22-26/GRHL1-Day-4/downstream_genefull_velocyto_cellbender/unfiltered_counts.h5ad
JAX scRNAseq02	OVOL1-Day-4	OVOL1-Day-4/downstream_genefull_velocyto_cellbender/adaptive_qc_threshold.json	1026	/mnt/pikachu/JAX_scRNAseq02_processed/ocm_prod_batch_flex_native_yremove_trace_20260521T034223Z/25E32-L3/samples/OVOL1-Day-4/downstream_genefull_velocyto_cellbender_remote/adaptive_qc_threshold.json	2026-05-21T07:43:56Z	/JAX_scRNAseq02_processed/JAX-scRNAseq02-5-22-26/OVOL1-Day-4/downstream_genefull_velocyto_cellbender/adaptive_qc_threshold.json
JAX scRNAseq02	OVOL1-Day-4	OVOL1-Day-4/downstream_genefull_velocyto_cellbender/cellbender/cellbender_counts.log	21544	/mnt/pikachu/JAX_scRNAseq02_processed/ocm_prod_batch_flex_native_yremove_trace_20260521T034223Z/25E32-L3/samples/OVOL1-Day-4/downstream_genefull_velocyto_cellbender_remote/cellbender/cellbender_counts.log	2026-05-21T07:54:34Z	/JAX_scRNAseq02_processed/JAX-scRNAseq02-5-22-26/OVOL1-Day-4/downstream_genefull_velocyto_cellbender/cellbender/cellbender_counts.log
JAX scRNAseq02	OVOL1-Day-4	OVOL1-Day-4/downstream_genefull_velocyto_cellbender/cellbender/cellbender_counts.pdf	77203	/mnt/pikachu/JAX_scRNAseq02_processed/ocm_prod_batch_flex_native_yremove_trace_20260521T034223Z/25E32-L3/samples/OVOL1-Day-4/downstream_genefull_velocyto_cellbender_remote/cellbender/cellbender_counts.pdf	2026-05-21T07:50:09Z	/JAX_scRNAseq02_processed/JAX-scRNAseq02-5-22-26/OVOL1-Day-4/downstream_genefull_velocyto_cellbender/cellbender/cellbender_counts.pdf
JAX scRNAseq02	OVOL1-Day-4	OVOL1-Day-4/downstream_genefull_velocyto_cellbender/cellbender/cellbender_counts_cell_barcodes.csv	73245	/mnt/pikachu/JAX_scRNAseq02_processed/ocm_prod_batch_flex_native_yremove_trace_20260521T034223Z/25E32-L3/samples/OVOL1-Day-4/downstream_genefull_velocyto_cellbender_remote/cellbender/cellbender_counts_cell_barcodes.csv	2026-05-21T07:50:09Z	/JAX_scRNAseq02_processed/JAX-scRNAseq02-5-22-26/OVOL1-Day-4/downstream_genefull_velocyto_cellbender/cellbender/cellbender_counts_cell_barcodes.csv
JAX scRNAseq02	OVOL1-Day-4	OVOL1-Day-4/downstream_genefull_velocyto_cellbender/cellbender/cellbender_counts_metrics.csv	585	/mnt/pikachu/JAX_scRNAseq02_processed/ocm_prod_batch_flex_native_yremove_trace_20260521T034223Z/25E32-L3/samples/OVOL1-Day-4/downstream_genefull_velocyto_cellbender_remote/cellbender/cellbender_counts_metrics.csv	2026-05-21T07:54:23Z	/JAX_scRNAseq02_processed/JAX-scRNAseq02-5-22-26/OVOL1-Day-4/downstream_genefull_velocyto_cellbender/cellbender/cellbender_counts_metrics.csv
JAX scRNAseq02	OVOL1-Day-4	OVOL1-Day-4/downstream_genefull_velocyto_cellbender/cellbender/cellbender_counts_report.html	1051183	/mnt/pikachu/JAX_scRNAseq02_processed/ocm_prod_batch_flex_native_yremove_trace_20260521T034223Z/25E32-L3/samples/OVOL1-Day-4/downstream_genefull_velocyto_cellbender_remote/cellbender/cellbender_counts_report.html	2026-05-21T07:54:34Z	/JAX_scRNAseq02_processed/JAX-scRNAseq02-5-22-26/OVOL1-Day-4/downstream_genefull_velocyto_cellbender/cellbender/cellbender_counts_report.html
JAX scRNAseq02	OVOL1-Day-4	OVOL1-Day-4/downstream_genefull_velocyto_cellbender/counts.h5ad	717478038	/mnt/pikachu/JAX_scRNAseq02_processed/ocm_prod_batch_flex_native_yremove_trace_20260521T034223Z/25E32-L3/samples/OVOL1-Day-4/downstream_genefull_velocyto_cellbender_remote/counts.h5ad	2026-05-21T07:54:38Z	/JAX_scRNAseq02_processed/JAX-scRNAseq02-5-22-26/OVOL1-Day-4/downstream_genefull_velocyto_cellbender/counts.h5ad
JAX scRNAseq02	OVOL1-Day-4	OVOL1-Day-4/downstream_genefull_velocyto_cellbender/default_singlet_filtered_counts.h5ad	418694598	/mnt/pikachu/JAX_scRNAseq02_processed/ocm_prod_batch_flex_native_yremove_trace_20260521T034223Z/25E32-L3/samples/OVOL1-Day-4/downstream_genefull_velocyto_cellbender_remote/default_singlet_filtered_counts.h5ad	2026-05-21T07:54:47Z	/JAX_scRNAseq02_processed/JAX-scRNAseq02-5-22-26/OVOL1-Day-4/downstream_genefull_velocyto_cellbender/default_singlet_filtered_counts.h5ad
JAX scRNAseq02	OVOL1-Day-4	OVOL1-Day-4/downstream_genefull_velocyto_cellbender/doublet_barcodes.txt	6042	/mnt/pikachu/JAX_scRNAseq02_processed/ocm_prod_batch_flex_native_yremove_trace_20260521T034223Z/25E32-L3/samples/OVOL1-Day-4/downstream_genefull_velocyto_cellbender_remote/doublet_barcodes.txt	2026-05-21T07:43:03Z	/JAX_scRNAseq02_processed/JAX-scRNAseq02-5-22-26/OVOL1-Day-4/downstream_genefull_velocyto_cellbender/doublet_barcodes.txt
JAX scRNAseq02	OVOL1-Day-4	OVOL1-Day-4/downstream_genefull_velocyto_cellbender/filtered_barcodes_with_scores.txt	187558	/mnt/pikachu/JAX_scRNAseq02_processed/ocm_prod_batch_flex_native_yremove_trace_20260521T034223Z/25E32-L3/samples/OVOL1-Day-4/downstream_genefull_velocyto_cellbender_remote/filtered_barcodes_with_scores.txt	2026-05-21T07:43:03Z	/JAX_scRNAseq02_processed/JAX-scRNAseq02-5-22-26/OVOL1-Day-4/downstream_genefull_velocyto_cellbender/filtered_barcodes_with_scores.txt
JAX scRNAseq02	OVOL1-Day-4	OVOL1-Day-4/downstream_genefull_velocyto_cellbender/filtered_counts.h5ad	458317590	/mnt/pikachu/JAX_scRNAseq02_processed/ocm_prod_batch_flex_native_yremove_trace_20260521T034223Z/25E32-L3/samples/OVOL1-Day-4/downstream_genefull_velocyto_cellbender_remote/filtered_counts.h5ad	2026-05-21T07:54:45Z	/JAX_scRNAseq02_processed/JAX-scRNAseq02-5-22-26/OVOL1-Day-4/downstream_genefull_velocyto_cellbender/filtered_counts.h5ad
JAX scRNAseq02	OVOL1-Day-4	OVOL1-Day-4/downstream_genefull_velocyto_cellbender/final_counts.h5ad	761732118	/mnt/pikachu/JAX_scRNAseq02_processed/ocm_prod_batch_flex_native_yremove_trace_20260521T034223Z/25E32-L3/samples/OVOL1-Day-4/downstream_genefull_velocyto_cellbender_remote/final_counts.h5ad	2026-05-21T07:54:48Z	/JAX_scRNAseq02_processed/JAX-scRNAseq02-5-22-26/OVOL1-Day-4/downstream_genefull_velocyto_cellbender/final_counts.h5ad
JAX scRNAseq02	OVOL1-Day-4	OVOL1-Day-4/downstream_genefull_velocyto_cellbender/gene_quantile_histogram.html	3676830	/mnt/pikachu/JAX_scRNAseq02_processed/ocm_prod_batch_flex_native_yremove_trace_20260521T034223Z/25E32-L3/samples/OVOL1-Day-4/downstream_genefull_velocyto_cellbender_remote/gene_quantile_histogram.html	2026-05-21T07:43:57Z	/JAX_scRNAseq02_processed/JAX-scRNAseq02-5-22-26/OVOL1-Day-4/downstream_genefull_velocyto_cellbender/gene_quantile_histogram.html
JAX scRNAseq02	OVOL1-Day-4	OVOL1-Day-4/downstream_genefull_velocyto_cellbender/gene_quantile_histogram.png	197134	/mnt/pikachu/JAX_scRNAseq02_processed/ocm_prod_batch_flex_native_yremove_trace_20260521T034223Z/25E32-L3/samples/OVOL1-Day-4/downstream_genefull_velocyto_cellbender_remote/gene_quantile_histogram.png	2026-05-21T07:43:58Z	/JAX_scRNAseq02_processed/JAX-scRNAseq02-5-22-26/OVOL1-Day-4/downstream_genefull_velocyto_cellbender/gene_quantile_histogram.png
JAX scRNAseq02	OVOL1-Day-4	OVOL1-Day-4/downstream_genefull_velocyto_cellbender/non_empty_barcodes.txt	77577	/mnt/pikachu/JAX_scRNAseq02_processed/ocm_prod_batch_flex_native_yremove_trace_20260521T034223Z/25E32-L3/samples/OVOL1-Day-4/downstream_genefull_velocyto_cellbender_remote/non_empty_barcodes.txt	2026-05-21T07:42:43Z	/JAX_scRNAseq02_processed/JAX-scRNAseq02-5-22-26/OVOL1-Day-4/downstream_genefull_velocyto_cellbender/non_empty_barcodes.txt
JAX scRNAseq02	OVOL1-Day-4	OVOL1-Day-4/downstream_genefull_velocyto_cellbender/summary.txt	13026	/mnt/pikachu/JAX_scRNAseq02_processed/ocm_prod_batch_flex_native_yremove_trace_20260521T034223Z/25E32-L3/samples/OVOL1-Day-4/downstream_genefull_velocyto_cellbender_remote/summary.txt	2026-05-21T07:54:52Z	/JAX_scRNAseq02_processed/JAX-scRNAseq02-5-22-26/OVOL1-Day-4/downstream_genefull_velocyto_cellbender/summary.txt
JAX scRNAseq02	OVOL1-Day-4	OVOL1-Day-4/downstream_genefull_velocyto_cellbender/unfiltered_counts.h5ad	761732118	/mnt/pikachu/JAX_scRNAseq02_processed/ocm_prod_batch_flex_native_yremove_trace_20260521T034223Z/25E32-L3/samples/OVOL1-Day-4/downstream_genefull_velocyto_cellbender_remote/unfiltered_counts.h5ad	2026-05-21T07:54:42Z	/JAX_scRNAseq02_processed/JAX-scRNAseq02-5-22-26/OVOL1-Day-4/downstream_genefull_velocyto_cellbender/unfiltered_counts.h5ad
JAX scRNAseq02	WT-PrS-20pct-Day-4	WT-PrS-20pct-Day-4/downstream_genefull_velocyto_cellbender/adaptive_qc_threshold.json	1052	/mnt/pikachu/JAX_scRNAseq02_processed/ocm_prod_batch_flex_native_yremove_trace_20260521T034223Z/25E32-L3/samples/WT-PrS-20pct-Day-4/downstream_genefull_velocyto_cellbender_remote/adaptive_qc_threshold.json	2026-05-21T07:57:06Z	/JAX_scRNAseq02_processed/JAX-scRNAseq02-5-22-26/WT-PrS-20pct-Day-4/downstream_genefull_velocyto_cellbender/adaptive_qc_threshold.json
JAX scRNAseq02	WT-PrS-20pct-Day-4	WT-PrS-20pct-Day-4/downstream_genefull_velocyto_cellbender/cellbender/cellbender_counts.log	34524	/mnt/pikachu/JAX_scRNAseq02_processed/ocm_prod_batch_flex_native_yremove_trace_20260521T034223Z/25E32-L3/samples/WT-PrS-20pct-Day-4/downstream_genefull_velocyto_cellbender_remote/cellbender/cellbender_counts.log	2026-05-21T08:26:27Z	/JAX_scRNAseq02_processed/JAX-scRNAseq02-5-22-26/WT-PrS-20pct-Day-4/downstream_genefull_velocyto_cellbender/cellbender/cellbender_counts.log
JAX scRNAseq02	WT-PrS-20pct-Day-4	WT-PrS-20pct-Day-4/downstream_genefull_velocyto_cellbender/cellbender/cellbender_counts.pdf	65029	/mnt/pikachu/JAX_scRNAseq02_processed/ocm_prod_batch_flex_native_yremove_trace_20260521T034223Z/25E32-L3/samples/WT-PrS-20pct-Day-4/downstream_genefull_velocyto_cellbender_remote/cellbender/cellbender_counts.pdf	2026-05-21T08:22:07Z	/JAX_scRNAseq02_processed/JAX-scRNAseq02-5-22-26/WT-PrS-20pct-Day-4/downstream_genefull_velocyto_cellbender/cellbender/cellbender_counts.pdf
JAX scRNAseq02	WT-PrS-20pct-Day-4	WT-PrS-20pct-Day-4/downstream_genefull_velocyto_cellbender/cellbender/cellbender_counts_cell_barcodes.csv	614194	/mnt/pikachu/JAX_scRNAseq02_processed/ocm_prod_batch_flex_native_yremove_trace_20260521T034223Z/25E32-L3/samples/WT-PrS-20pct-Day-4/downstream_genefull_velocyto_cellbender_remote/cellbender/cellbender_counts_cell_barcodes.csv	2026-05-21T08:22:07Z	/JAX_scRNAseq02_processed/JAX-scRNAseq02-5-22-26/WT-PrS-20pct-Day-4/downstream_genefull_velocyto_cellbender/cellbender/cellbender_counts_cell_barcodes.csv
JAX scRNAseq02	WT-PrS-20pct-Day-4	WT-PrS-20pct-Day-4/downstream_genefull_velocyto_cellbender/cellbender/cellbender_counts_metrics.csv	585	/mnt/pikachu/JAX_scRNAseq02_processed/ocm_prod_batch_flex_native_yremove_trace_20260521T034223Z/25E32-L3/samples/WT-PrS-20pct-Day-4/downstream_genefull_velocyto_cellbender_remote/cellbender/cellbender_counts_metrics.csv	2026-05-21T08:26:15Z	/JAX_scRNAseq02_processed/JAX-scRNAseq02-5-22-26/WT-PrS-20pct-Day-4/downstream_genefull_velocyto_cellbender/cellbender/cellbender_counts_metrics.csv
JAX scRNAseq02	WT-PrS-20pct-Day-4	WT-PrS-20pct-Day-4/downstream_genefull_velocyto_cellbender/cellbender/cellbender_counts_report.html	1059989	/mnt/pikachu/JAX_scRNAseq02_processed/ocm_prod_batch_flex_native_yremove_trace_20260521T034223Z/25E32-L3/samples/WT-PrS-20pct-Day-4/downstream_genefull_velocyto_cellbender_remote/cellbender/cellbender_counts_report.html	2026-05-21T08:26:27Z	/JAX_scRNAseq02_processed/JAX-scRNAseq02-5-22-26/WT-PrS-20pct-Day-4/downstream_genefull_velocyto_cellbender/cellbender/cellbender_counts_report.html
JAX scRNAseq02	WT-PrS-20pct-Day-4	WT-PrS-20pct-Day-4/downstream_genefull_velocyto_cellbender/counts.h5ad	769994678	/mnt/pikachu/JAX_scRNAseq02_processed/ocm_prod_batch_flex_native_yremove_trace_20260521T034223Z/25E32-L3/samples/WT-PrS-20pct-Day-4/downstream_genefull_velocyto_cellbender_remote/counts.h5ad	2026-05-21T08:26:32Z	/JAX_scRNAseq02_processed/JAX-scRNAseq02-5-22-26/WT-PrS-20pct-Day-4/downstream_genefull_velocyto_cellbender/counts.h5ad
JAX scRNAseq02	WT-PrS-20pct-Day-4	WT-PrS-20pct-Day-4/downstream_genefull_velocyto_cellbender/default_singlet_filtered_counts.h5ad	318493238	/mnt/pikachu/JAX_scRNAseq02_processed/ocm_prod_batch_flex_native_yremove_trace_20260521T034223Z/25E32-L3/samples/WT-PrS-20pct-Day-4/downstream_genefull_velocyto_cellbender_remote/default_singlet_filtered_counts.h5ad	2026-05-21T08:26:41Z	/JAX_scRNAseq02_processed/JAX-scRNAseq02-5-22-26/WT-PrS-20pct-Day-4/downstream_genefull_velocyto_cellbender/default_singlet_filtered_counts.h5ad
JAX scRNAseq02	WT-PrS-20pct-Day-4	WT-PrS-20pct-Day-4/downstream_genefull_velocyto_cellbender/doublet_barcodes.txt	4617	/mnt/pikachu/JAX_scRNAseq02_processed/ocm_prod_batch_flex_native_yremove_trace_20260521T034223Z/25E32-L3/samples/WT-PrS-20pct-Day-4/downstream_genefull_velocyto_cellbender_remote/doublet_barcodes.txt	2026-05-21T07:56:19Z	/JAX_scRNAseq02_processed/JAX-scRNAseq02-5-22-26/WT-PrS-20pct-Day-4/downstream_genefull_velocyto_cellbender/doublet_barcodes.txt
JAX scRNAseq02	WT-PrS-20pct-Day-4	WT-PrS-20pct-Day-4/downstream_genefull_velocyto_cellbender/filtered_barcodes_with_scores.txt	161258	/mnt/pikachu/JAX_scRNAseq02_processed/ocm_prod_batch_flex_native_yremove_trace_20260521T034223Z/25E32-L3/samples/WT-PrS-20pct-Day-4/downstream_genefull_velocyto_cellbender_remote/filtered_barcodes_with_scores.txt	2026-05-21T07:56:19Z	/JAX_scRNAseq02_processed/JAX-scRNAseq02-5-22-26/WT-PrS-20pct-Day-4/downstream_genefull_velocyto_cellbender/filtered_barcodes_with_scores.txt
JAX scRNAseq02	WT-PrS-20pct-Day-4	WT-PrS-20pct-Day-4/downstream_genefull_velocyto_cellbender/filtered_counts.h5ad	357973108	/mnt/pikachu/JAX_scRNAseq02_processed/ocm_prod_batch_flex_native_yremove_trace_20260521T034223Z/25E32-L3/samples/WT-PrS-20pct-Day-4/downstream_genefull_velocyto_cellbender_remote/filtered_counts.h5ad	2026-05-21T08:26:38Z	/JAX_scRNAseq02_processed/JAX-scRNAseq02-5-22-26/WT-PrS-20pct-Day-4/downstream_genefull_velocyto_cellbender/filtered_counts.h5ad
JAX scRNAseq02	WT-PrS-20pct-Day-4	WT-PrS-20pct-Day-4/downstream_genefull_velocyto_cellbender/final_counts.h5ad	814248758	/mnt/pikachu/JAX_scRNAseq02_processed/ocm_prod_batch_flex_native_yremove_trace_20260521T034223Z/25E32-L3/samples/WT-PrS-20pct-Day-4/downstream_genefull_velocyto_cellbender_remote/final_counts.h5ad	2026-05-21T08:26:42Z	/JAX_scRNAseq02_processed/JAX-scRNAseq02-5-22-26/WT-PrS-20pct-Day-4/downstream_genefull_velocyto_cellbender/final_counts.h5ad
JAX scRNAseq02	WT-PrS-20pct-Day-4	WT-PrS-20pct-Day-4/downstream_genefull_velocyto_cellbender/gene_quantile_histogram.html	3672237	/mnt/pikachu/JAX_scRNAseq02_processed/ocm_prod_batch_flex_native_yremove_trace_20260521T034223Z/25E32-L3/samples/WT-PrS-20pct-Day-4/downstream_genefull_velocyto_cellbender_remote/gene_quantile_histogram.html	2026-05-21T07:57:08Z	/JAX_scRNAseq02_processed/JAX-scRNAseq02-5-22-26/WT-PrS-20pct-Day-4/downstream_genefull_velocyto_cellbender/gene_quantile_histogram.html
JAX scRNAseq02	WT-PrS-20pct-Day-4	WT-PrS-20pct-Day-4/downstream_genefull_velocyto_cellbender/gene_quantile_histogram.png	203129	/mnt/pikachu/JAX_scRNAseq02_processed/ocm_prod_batch_flex_native_yremove_trace_20260521T034223Z/25E32-L3/samples/WT-PrS-20pct-Day-4/downstream_genefull_velocyto_cellbender_remote/gene_quantile_histogram.png	2026-05-21T07:57:08Z	/JAX_scRNAseq02_processed/JAX-scRNAseq02-5-22-26/WT-PrS-20pct-Day-4/downstream_genefull_velocyto_cellbender/gene_quantile_histogram.png
JAX scRNAseq02	WT-PrS-20pct-Day-4	WT-PrS-20pct-Day-4/downstream_genefull_velocyto_cellbender/non_empty_barcodes.txt	66690	/mnt/pikachu/JAX_scRNAseq02_processed/ocm_prod_batch_flex_native_yremove_trace_20260521T034223Z/25E32-L3/samples/WT-PrS-20pct-Day-4/downstream_genefull_velocyto_cellbender_remote/non_empty_barcodes.txt	2026-05-21T07:56:05Z	/JAX_scRNAseq02_processed/JAX-scRNAseq02-5-22-26/WT-PrS-20pct-Day-4/downstream_genefull_velocyto_cellbender/non_empty_barcodes.txt
JAX scRNAseq02	WT-PrS-20pct-Day-4	WT-PrS-20pct-Day-4/downstream_genefull_velocyto_cellbender/summary.txt	13125	/mnt/pikachu/JAX_scRNAseq02_processed/ocm_prod_batch_flex_native_yremove_trace_20260521T034223Z/25E32-L3/samples/WT-PrS-20pct-Day-4/downstream_genefull_velocyto_cellbender_remote/summary.txt	2026-05-21T08:26:45Z	/JAX_scRNAseq02_processed/JAX-scRNAseq02-5-22-26/WT-PrS-20pct-Day-4/downstream_genefull_velocyto_cellbender/summary.txt
JAX scRNAseq02	WT-PrS-20pct-Day-4	WT-PrS-20pct-Day-4/downstream_genefull_velocyto_cellbender/unfiltered_counts.h5ad	814248758	/mnt/pikachu/JAX_scRNAseq02_processed/ocm_prod_batch_flex_native_yremove_trace_20260521T034223Z/25E32-L3/samples/WT-PrS-20pct-Day-4/downstream_genefull_velocyto_cellbender_remote/unfiltered_counts.h5ad	2026-05-21T08:26:36Z	/JAX_scRNAseq02_processed/JAX-scRNAseq02-5-22-26/WT-PrS-20pct-Day-4/downstream_genefull_velocyto_cellbender/unfiltered_counts.h5ad
JAX scRNAseq02	EPAS1-Day-4	EPAS1-Day-4/downstream_genefull_velocyto_cellbender/adaptive_qc_threshold.json	1031	/mnt/pikachu/JAX_scRNAseq02_processed/ocm_prod_batch_flex_native_yremove_trace_20260521T034223Z/25E32-L4/samples/EPAS1-Day-4/downstream_genefull_velocyto_cellbender_remote/adaptive_qc_threshold.json	2026-05-21T18:26:58Z	/JAX_scRNAseq02_processed/JAX-scRNAseq02-5-22-26/EPAS1-Day-4/downstream_genefull_velocyto_cellbender/adaptive_qc_threshold.json
JAX scRNAseq02	EPAS1-Day-4	EPAS1-Day-4/downstream_genefull_velocyto_cellbender/cellbender/cellbender_counts.log	22646	/mnt/pikachu/JAX_scRNAseq02_processed/ocm_prod_batch_flex_native_yremove_trace_20260521T034223Z/25E32-L4/samples/EPAS1-Day-4/downstream_genefull_velocyto_cellbender_remote/cellbender/cellbender_counts.log	2026-05-21T18:46:04Z	/JAX_scRNAseq02_processed/JAX-scRNAseq02-5-22-26/EPAS1-Day-4/downstream_genefull_velocyto_cellbender/cellbender/cellbender_counts.log
JAX scRNAseq02	EPAS1-Day-4	EPAS1-Day-4/downstream_genefull_velocyto_cellbender/cellbender/cellbender_counts.pdf	88106	/mnt/pikachu/JAX_scRNAseq02_processed/ocm_prod_batch_flex_native_yremove_trace_20260521T034223Z/25E32-L4/samples/EPAS1-Day-4/downstream_genefull_velocyto_cellbender_remote/cellbender/cellbender_counts.pdf	2026-05-21T18:37:02Z	/JAX_scRNAseq02_processed/JAX-scRNAseq02-5-22-26/EPAS1-Day-4/downstream_genefull_velocyto_cellbender/cellbender/cellbender_counts.pdf
JAX scRNAseq02	EPAS1-Day-4	EPAS1-Day-4/downstream_genefull_velocyto_cellbender/cellbender/cellbender_counts_cell_barcodes.csv	122227	/mnt/pikachu/JAX_scRNAseq02_processed/ocm_prod_batch_flex_native_yremove_trace_20260521T034223Z/25E32-L4/samples/EPAS1-Day-4/downstream_genefull_velocyto_cellbender_remote/cellbender/cellbender_counts_cell_barcodes.csv	2026-05-21T18:37:02Z	/JAX_scRNAseq02_processed/JAX-scRNAseq02-5-22-26/EPAS1-Day-4/downstream_genefull_velocyto_cellbender/cellbender/cellbender_counts_cell_barcodes.csv
JAX scRNAseq02	EPAS1-Day-4	EPAS1-Day-4/downstream_genefull_velocyto_cellbender/cellbender/cellbender_counts_metrics.csv	588	/mnt/pikachu/JAX_scRNAseq02_processed/ocm_prod_batch_flex_native_yremove_trace_20260521T034223Z/25E32-L4/samples/EPAS1-Day-4/downstream_genefull_velocyto_cellbender_remote/cellbender/cellbender_counts_metrics.csv	2026-05-21T18:45:46Z	/JAX_scRNAseq02_processed/JAX-scRNAseq02-5-22-26/EPAS1-Day-4/downstream_genefull_velocyto_cellbender/cellbender/cellbender_counts_metrics.csv
JAX scRNAseq02	EPAS1-Day-4	EPAS1-Day-4/downstream_genefull_velocyto_cellbender/cellbender/cellbender_counts_report.html	1056474	/mnt/pikachu/JAX_scRNAseq02_processed/ocm_prod_batch_flex_native_yremove_trace_20260521T034223Z/25E32-L4/samples/EPAS1-Day-4/downstream_genefull_velocyto_cellbender_remote/cellbender/cellbender_counts_report.html	2026-05-21T18:46:04Z	/JAX_scRNAseq02_processed/JAX-scRNAseq02-5-22-26/EPAS1-Day-4/downstream_genefull_velocyto_cellbender/cellbender/cellbender_counts_report.html
JAX scRNAseq02	EPAS1-Day-4	EPAS1-Day-4/downstream_genefull_velocyto_cellbender/counts.h5ad	1501805014	/mnt/pikachu/JAX_scRNAseq02_processed/ocm_prod_batch_flex_native_yremove_trace_20260521T034223Z/25E32-L4/samples/EPAS1-Day-4/downstream_genefull_velocyto_cellbender_remote/counts.h5ad	2026-05-21T18:46:11Z	/JAX_scRNAseq02_processed/JAX-scRNAseq02-5-22-26/EPAS1-Day-4/downstream_genefull_velocyto_cellbender/counts.h5ad
JAX scRNAseq02	EPAS1-Day-4	EPAS1-Day-4/downstream_genefull_velocyto_cellbender/default_singlet_filtered_counts.h5ad	799097888	/mnt/pikachu/JAX_scRNAseq02_processed/ocm_prod_batch_flex_native_yremove_trace_20260521T034223Z/25E32-L4/samples/EPAS1-Day-4/downstream_genefull_velocyto_cellbender_remote/default_singlet_filtered_counts.h5ad	2026-05-21T18:46:27Z	/JAX_scRNAseq02_processed/JAX-scRNAseq02-5-22-26/EPAS1-Day-4/downstream_genefull_velocyto_cellbender/default_singlet_filtered_counts.h5ad
JAX scRNAseq02	EPAS1-Day-4	EPAS1-Day-4/downstream_genefull_velocyto_cellbender/doublet_barcodes.txt	18620	/mnt/pikachu/JAX_scRNAseq02_processed/ocm_prod_batch_flex_native_yremove_trace_20260521T034223Z/25E32-L4/samples/EPAS1-Day-4/downstream_genefull_velocyto_cellbender_remote/doublet_barcodes.txt	2026-05-21T18:23:30Z	/JAX_scRNAseq02_processed/JAX-scRNAseq02-5-22-26/EPAS1-Day-4/downstream_genefull_velocyto_cellbender/doublet_barcodes.txt
JAX scRNAseq02	EPAS1-Day-4	EPAS1-Day-4/downstream_genefull_velocyto_cellbender/filtered_barcodes_with_scores.txt	396320	/mnt/pikachu/JAX_scRNAseq02_processed/ocm_prod_batch_flex_native_yremove_trace_20260521T034223Z/25E32-L4/samples/EPAS1-Day-4/downstream_genefull_velocyto_cellbender_remote/filtered_barcodes_with_scores.txt	2026-05-21T18:23:30Z	/JAX_scRNAseq02_processed/JAX-scRNAseq02-5-22-26/EPAS1-Day-4/downstream_genefull_velocyto_cellbender/filtered_barcodes_with_scores.txt
JAX scRNAseq02	EPAS1-Day-4	EPAS1-Day-4/downstream_genefull_velocyto_cellbender/filtered_counts.h5ad	966145706	/mnt/pikachu/JAX_scRNAseq02_processed/ocm_prod_batch_flex_native_yremove_trace_20260521T034223Z/25E32-L4/samples/EPAS1-Day-4/downstream_genefull_velocyto_cellbender_remote/filtered_counts.h5ad	2026-05-21T18:46:22Z	/JAX_scRNAseq02_processed/JAX-scRNAseq02-5-22-26/EPAS1-Day-4/downstream_genefull_velocyto_cellbender/filtered_counts.h5ad
JAX scRNAseq02	EPAS1-Day-4	EPAS1-Day-4/downstream_genefull_velocyto_cellbender/final_counts.h5ad	1590295894	/mnt/pikachu/JAX_scRNAseq02_processed/ocm_prod_batch_flex_native_yremove_trace_20260521T034223Z/25E32-L4/samples/EPAS1-Day-4/downstream_genefull_velocyto_cellbender_remote/final_counts.h5ad	2026-05-21T18:46:29Z	/JAX_scRNAseq02_processed/JAX-scRNAseq02-5-22-26/EPAS1-Day-4/downstream_genefull_velocyto_cellbender/final_counts.h5ad
JAX scRNAseq02	EPAS1-Day-4	EPAS1-Day-4/downstream_genefull_velocyto_cellbender/gene_quantile_histogram.html	3714411	/mnt/pikachu/JAX_scRNAseq02_processed/ocm_prod_batch_flex_native_yremove_trace_20260521T034223Z/25E32-L4/samples/EPAS1-Day-4/downstream_genefull_velocyto_cellbender_remote/gene_quantile_histogram.html	2026-05-21T18:27:01Z	/JAX_scRNAseq02_processed/JAX-scRNAseq02-5-22-26/EPAS1-Day-4/downstream_genefull_velocyto_cellbender/gene_quantile_histogram.html
JAX scRNAseq02	EPAS1-Day-4	EPAS1-Day-4/downstream_genefull_velocyto_cellbender/gene_quantile_histogram.png	197353	/mnt/pikachu/JAX_scRNAseq02_processed/ocm_prod_batch_flex_native_yremove_trace_20260521T034223Z/25E32-L4/samples/EPAS1-Day-4/downstream_genefull_velocyto_cellbender_remote/gene_quantile_histogram.png	2026-05-21T18:27:01Z	/JAX_scRNAseq02_processed/JAX-scRNAseq02-5-22-26/EPAS1-Day-4/downstream_genefull_velocyto_cellbender/gene_quantile_histogram.png
JAX scRNAseq02	EPAS1-Day-4	EPAS1-Day-4/downstream_genefull_velocyto_cellbender/non_empty_barcodes.txt	162716	/mnt/pikachu/JAX_scRNAseq02_processed/ocm_prod_batch_flex_native_yremove_trace_20260521T034223Z/25E32-L4/samples/EPAS1-Day-4/downstream_genefull_velocyto_cellbender_remote/non_empty_barcodes.txt	2026-05-21T18:22:44Z	/JAX_scRNAseq02_processed/JAX-scRNAseq02-5-22-26/EPAS1-Day-4/downstream_genefull_velocyto_cellbender/non_empty_barcodes.txt
JAX scRNAseq02	EPAS1-Day-4	EPAS1-Day-4/downstream_genefull_velocyto_cellbender/summary.txt	12573	/mnt/pikachu/JAX_scRNAseq02_processed/ocm_prod_batch_flex_native_yremove_trace_20260521T034223Z/25E32-L4/samples/EPAS1-Day-4/downstream_genefull_velocyto_cellbender_remote/summary.txt	2026-05-21T18:46:35Z	/JAX_scRNAseq02_processed/JAX-scRNAseq02-5-22-26/EPAS1-Day-4/downstream_genefull_velocyto_cellbender/summary.txt
JAX scRNAseq02	EPAS1-Day-4	EPAS1-Day-4/downstream_genefull_velocyto_cellbender/unfiltered_counts.h5ad	1590295894	/mnt/pikachu/JAX_scRNAseq02_processed/ocm_prod_batch_flex_native_yremove_trace_20260521T034223Z/25E32-L4/samples/EPAS1-Day-4/downstream_genefull_velocyto_cellbender_remote/unfiltered_counts.h5ad	2026-05-21T18:46:18Z	/JAX_scRNAseq02_processed/JAX-scRNAseq02-5-22-26/EPAS1-Day-4/downstream_genefull_velocyto_cellbender/unfiltered_counts.h5ad
JAX scRNAseq02	WT-PrS-3pct-Day-4	WT-PrS-3pct-Day-4/downstream_genefull_velocyto_cellbender/adaptive_qc_threshold.json	1039	/mnt/pikachu/JAX_scRNAseq02_processed/ocm_prod_batch_flex_native_yremove_trace_20260521T034223Z/25E32-L4/samples/WT-PrS-3pct-Day-4/downstream_genefull_velocyto_cellbender_remote/adaptive_qc_threshold.json	2026-05-21T18:52:08Z	/JAX_scRNAseq02_processed/JAX-scRNAseq02-5-22-26/WT-PrS-3pct-Day-4/downstream_genefull_velocyto_cellbender/adaptive_qc_threshold.json
JAX scRNAseq02	WT-PrS-3pct-Day-4	WT-PrS-3pct-Day-4/downstream_genefull_velocyto_cellbender/cellbender/cellbender_counts.log	22881	/mnt/pikachu/JAX_scRNAseq02_processed/ocm_prod_batch_flex_native_yremove_trace_20260521T034223Z/25E32-L4/samples/WT-PrS-3pct-Day-4/downstream_genefull_velocyto_cellbender_remote/cellbender/cellbender_counts.log	2026-05-21T19:09:21Z	/JAX_scRNAseq02_processed/JAX-scRNAseq02-5-22-26/WT-PrS-3pct-Day-4/downstream_genefull_velocyto_cellbender/cellbender/cellbender_counts.log
JAX scRNAseq02	WT-PrS-3pct-Day-4	WT-PrS-3pct-Day-4/downstream_genefull_velocyto_cellbender/cellbender/cellbender_counts.pdf	94137	/mnt/pikachu/JAX_scRNAseq02_processed/ocm_prod_batch_flex_native_yremove_trace_20260521T034223Z/25E32-L4/samples/WT-PrS-3pct-Day-4/downstream_genefull_velocyto_cellbender_remote/cellbender/cellbender_counts.pdf	2026-05-21T19:00:59Z	/JAX_scRNAseq02_processed/JAX-scRNAseq02-5-22-26/WT-PrS-3pct-Day-4/downstream_genefull_velocyto_cellbender/cellbender/cellbender_counts.pdf
JAX scRNAseq02	WT-PrS-3pct-Day-4	WT-PrS-3pct-Day-4/downstream_genefull_velocyto_cellbender/cellbender/cellbender_counts_cell_barcodes.csv	130036	/mnt/pikachu/JAX_scRNAseq02_processed/ocm_prod_batch_flex_native_yremove_trace_20260521T034223Z/25E32-L4/samples/WT-PrS-3pct-Day-4/downstream_genefull_velocyto_cellbender_remote/cellbender/cellbender_counts_cell_barcodes.csv	2026-05-21T19:00:59Z	/JAX_scRNAseq02_processed/JAX-scRNAseq02-5-22-26/WT-PrS-3pct-Day-4/downstream_genefull_velocyto_cellbender/cellbender/cellbender_counts_cell_barcodes.csv
JAX scRNAseq02	WT-PrS-3pct-Day-4	WT-PrS-3pct-Day-4/downstream_genefull_velocyto_cellbender/cellbender/cellbender_counts_metrics.csv	586	/mnt/pikachu/JAX_scRNAseq02_processed/ocm_prod_batch_flex_native_yremove_trace_20260521T034223Z/25E32-L4/samples/WT-PrS-3pct-Day-4/downstream_genefull_velocyto_cellbender_remote/cellbender/cellbender_counts_metrics.csv	2026-05-21T19:09:03Z	/JAX_scRNAseq02_processed/JAX-scRNAseq02-5-22-26/WT-PrS-3pct-Day-4/downstream_genefull_velocyto_cellbender/cellbender/cellbender_counts_metrics.csv
JAX scRNAseq02	WT-PrS-3pct-Day-4	WT-PrS-3pct-Day-4/downstream_genefull_velocyto_cellbender/cellbender/cellbender_counts_report.html	1056218	/mnt/pikachu/JAX_scRNAseq02_processed/ocm_prod_batch_flex_native_yremove_trace_20260521T034223Z/25E32-L4/samples/WT-PrS-3pct-Day-4/downstream_genefull_velocyto_cellbender_remote/cellbender/cellbender_counts_report.html	2026-05-21T19:09:21Z	/JAX_scRNAseq02_processed/JAX-scRNAseq02-5-22-26/WT-PrS-3pct-Day-4/downstream_genefull_velocyto_cellbender/cellbender/cellbender_counts_report.html
JAX scRNAseq02	WT-PrS-3pct-Day-4	WT-PrS-3pct-Day-4/downstream_genefull_velocyto_cellbender/counts.h5ad	1395177942	/mnt/pikachu/JAX_scRNAseq02_processed/ocm_prod_batch_flex_native_yremove_trace_20260521T034223Z/25E32-L4/samples/WT-PrS-3pct-Day-4/downstream_genefull_velocyto_cellbender_remote/counts.h5ad	2026-05-21T19:09:28Z	/JAX_scRNAseq02_processed/JAX-scRNAseq02-5-22-26/WT-PrS-3pct-Day-4/downstream_genefull_velocyto_cellbender/counts.h5ad
JAX scRNAseq02	WT-PrS-3pct-Day-4	WT-PrS-3pct-Day-4/downstream_genefull_velocyto_cellbender/default_singlet_filtered_counts.h5ad	779806788	/mnt/pikachu/JAX_scRNAseq02_processed/ocm_prod_batch_flex_native_yremove_trace_20260521T034223Z/25E32-L4/samples/WT-PrS-3pct-Day-4/downstream_genefull_velocyto_cellbender_remote/default_singlet_filtered_counts.h5ad	2026-05-21T19:09:44Z	/JAX_scRNAseq02_processed/JAX-scRNAseq02-5-22-26/WT-PrS-3pct-Day-4/downstream_genefull_velocyto_cellbender/default_singlet_filtered_counts.h5ad
JAX scRNAseq02	WT-PrS-3pct-Day-4	WT-PrS-3pct-Day-4/downstream_genefull_velocyto_cellbender/doublet_barcodes.txt	15580	/mnt/pikachu/JAX_scRNAseq02_processed/ocm_prod_batch_flex_native_yremove_trace_20260521T034223Z/25E32-L4/samples/WT-PrS-3pct-Day-4/downstream_genefull_velocyto_cellbender_remote/doublet_barcodes.txt	2026-05-21T18:49:05Z	/JAX_scRNAseq02_processed/JAX-scRNAseq02-5-22-26/WT-PrS-3pct-Day-4/downstream_genefull_velocyto_cellbender/doublet_barcodes.txt
JAX scRNAseq02	WT-PrS-3pct-Day-4	WT-PrS-3pct-Day-4/downstream_genefull_velocyto_cellbender/filtered_barcodes_with_scores.txt	340686	/mnt/pikachu/JAX_scRNAseq02_processed/ocm_prod_batch_flex_native_yremove_trace_20260521T034223Z/25E32-L4/samples/WT-PrS-3pct-Day-4/downstream_genefull_velocyto_cellbender_remote/filtered_barcodes_with_scores.txt	2026-05-21T18:49:05Z	/JAX_scRNAseq02_processed/JAX-scRNAseq02-5-22-26/WT-PrS-3pct-Day-4/downstream_genefull_velocyto_cellbender/filtered_barcodes_with_scores.txt
JAX scRNAseq02	WT-PrS-3pct-Day-4	WT-PrS-3pct-Day-4/downstream_genefull_velocyto_cellbender/filtered_counts.h5ad	903534764	/mnt/pikachu/JAX_scRNAseq02_processed/ocm_prod_batch_flex_native_yremove_trace_20260521T034223Z/25E32-L4/samples/WT-PrS-3pct-Day-4/downstream_genefull_velocyto_cellbender_remote/filtered_counts.h5ad	2026-05-21T19:09:39Z	/JAX_scRNAseq02_processed/JAX-scRNAseq02-5-22-26/WT-PrS-3pct-Day-4/downstream_genefull_velocyto_cellbender/filtered_counts.h5ad
JAX scRNAseq02	WT-PrS-3pct-Day-4	WT-PrS-3pct-Day-4/downstream_genefull_velocyto_cellbender/final_counts.h5ad	1483668822	/mnt/pikachu/JAX_scRNAseq02_processed/ocm_prod_batch_flex_native_yremove_trace_20260521T034223Z/25E32-L4/samples/WT-PrS-3pct-Day-4/downstream_genefull_velocyto_cellbender_remote/final_counts.h5ad	2026-05-21T19:09:45Z	/JAX_scRNAseq02_processed/JAX-scRNAseq02-5-22-26/WT-PrS-3pct-Day-4/downstream_genefull_velocyto_cellbender/final_counts.h5ad
JAX scRNAseq02	WT-PrS-3pct-Day-4	WT-PrS-3pct-Day-4/downstream_genefull_velocyto_cellbender/gene_quantile_histogram.html	3705446	/mnt/pikachu/JAX_scRNAseq02_processed/ocm_prod_batch_flex_native_yremove_trace_20260521T034223Z/25E32-L4/samples/WT-PrS-3pct-Day-4/downstream_genefull_velocyto_cellbender_remote/gene_quantile_histogram.html	2026-05-21T18:52:11Z	/JAX_scRNAseq02_processed/JAX-scRNAseq02-5-22-26/WT-PrS-3pct-Day-4/downstream_genefull_velocyto_cellbender/gene_quantile_histogram.html
JAX scRNAseq02	WT-PrS-3pct-Day-4	WT-PrS-3pct-Day-4/downstream_genefull_velocyto_cellbender/gene_quantile_histogram.png	196061	/mnt/pikachu/JAX_scRNAseq02_processed/ocm_prod_batch_flex_native_yremove_trace_20260521T034223Z/25E32-L4/samples/WT-PrS-3pct-Day-4/downstream_genefull_velocyto_cellbender_remote/gene_quantile_histogram.png	2026-05-21T18:52:11Z	/JAX_scRNAseq02_processed/JAX-scRNAseq02-5-22-26/WT-PrS-3pct-Day-4/downstream_genefull_velocyto_cellbender/gene_quantile_histogram.png
JAX scRNAseq02	WT-PrS-3pct-Day-4	WT-PrS-3pct-Day-4/downstream_genefull_velocyto_cellbender/non_empty_barcodes.txt	140581	/mnt/pikachu/JAX_scRNAseq02_processed/ocm_prod_batch_flex_native_yremove_trace_20260521T034223Z/25E32-L4/samples/WT-PrS-3pct-Day-4/downstream_genefull_velocyto_cellbender_remote/non_empty_barcodes.txt	2026-05-21T18:48:35Z	/JAX_scRNAseq02_processed/JAX-scRNAseq02-5-22-26/WT-PrS-3pct-Day-4/downstream_genefull_velocyto_cellbender/non_empty_barcodes.txt
JAX scRNAseq02	WT-PrS-3pct-Day-4	WT-PrS-3pct-Day-4/downstream_genefull_velocyto_cellbender/summary.txt	13243	/mnt/pikachu/JAX_scRNAseq02_processed/ocm_prod_batch_flex_native_yremove_trace_20260521T034223Z/25E32-L4/samples/WT-PrS-3pct-Day-4/downstream_genefull_velocyto_cellbender_remote/summary.txt	2026-05-21T19:09:51Z	/JAX_scRNAseq02_processed/JAX-scRNAseq02-5-22-26/WT-PrS-3pct-Day-4/downstream_genefull_velocyto_cellbender/summary.txt
JAX scRNAseq02	WT-PrS-3pct-Day-4	WT-PrS-3pct-Day-4/downstream_genefull_velocyto_cellbender/unfiltered_counts.h5ad	1483668822	/mnt/pikachu/JAX_scRNAseq02_processed/ocm_prod_batch_flex_native_yremove_trace_20260521T034223Z/25E32-L4/samples/WT-PrS-3pct-Day-4/downstream_genefull_velocyto_cellbender_remote/unfiltered_counts.h5ad	2026-05-21T19:09:35Z	/JAX_scRNAseq02_processed/JAX-scRNAseq02-5-22-26/WT-PrS-3pct-Day-4/downstream_genefull_velocyto_cellbender/unfiltered_counts.h5ad
JAX scRNAseq02	GCM1-Day-5	GCM1-Day-5/downstream_genefull_velocyto_cellbender/adaptive_qc_threshold.json	1042	/mnt/pikachu/JAX_scRNAseq02_processed/ocm_prod_batch_flex_native_yremove_trace_20260521T034223Z/25E34-L3/samples/GCM1-Day-5/downstream_genefull_velocyto_cellbender_remote/adaptive_qc_threshold.json	2026-05-22T04:23:07Z	/JAX_scRNAseq02_processed/JAX-scRNAseq02-5-22-26/GCM1-Day-5/downstream_genefull_velocyto_cellbender/adaptive_qc_threshold.json
JAX scRNAseq02	GCM1-Day-5	GCM1-Day-5/downstream_genefull_velocyto_cellbender/cellbender/cellbender_counts.log	31563	/mnt/pikachu/JAX_scRNAseq02_processed/ocm_prod_batch_flex_native_yremove_trace_20260521T034223Z/25E34-L3/samples/GCM1-Day-5/downstream_genefull_velocyto_cellbender_remote/cellbender/cellbender_counts.log	2026-05-22T04:59:37Z	/JAX_scRNAseq02_processed/JAX-scRNAseq02-5-22-26/GCM1-Day-5/downstream_genefull_velocyto_cellbender/cellbender/cellbender_counts.log
JAX scRNAseq02	GCM1-Day-5	GCM1-Day-5/downstream_genefull_velocyto_cellbender/cellbender/cellbender_counts.pdf	101968	/mnt/pikachu/JAX_scRNAseq02_processed/ocm_prod_batch_flex_native_yremove_trace_20260521T034223Z/25E34-L3/samples/GCM1-Day-5/downstream_genefull_velocyto_cellbender_remote/cellbender/cellbender_counts.pdf	2026-05-22T04:52:14Z	/JAX_scRNAseq02_processed/JAX-scRNAseq02-5-22-26/GCM1-Day-5/downstream_genefull_velocyto_cellbender/cellbender/cellbender_counts.pdf
JAX scRNAseq02	GCM1-Day-5	GCM1-Day-5/downstream_genefull_velocyto_cellbender/cellbender/cellbender_counts_cell_barcodes.csv	493164	/mnt/pikachu/JAX_scRNAseq02_processed/ocm_prod_batch_flex_native_yremove_trace_20260521T034223Z/25E34-L3/samples/GCM1-Day-5/downstream_genefull_velocyto_cellbender_remote/cellbender/cellbender_counts_cell_barcodes.csv	2026-05-22T04:52:14Z	/JAX_scRNAseq02_processed/JAX-scRNAseq02-5-22-26/GCM1-Day-5/downstream_genefull_velocyto_cellbender/cellbender/cellbender_counts_cell_barcodes.csv
JAX scRNAseq02	GCM1-Day-5	GCM1-Day-5/downstream_genefull_velocyto_cellbender/cellbender/cellbender_counts_metrics.csv	585	/mnt/pikachu/JAX_scRNAseq02_processed/ocm_prod_batch_flex_native_yremove_trace_20260521T034223Z/25E34-L3/samples/GCM1-Day-5/downstream_genefull_velocyto_cellbender_remote/cellbender/cellbender_counts_metrics.csv	2026-05-22T04:59:20Z	/JAX_scRNAseq02_processed/JAX-scRNAseq02-5-22-26/GCM1-Day-5/downstream_genefull_velocyto_cellbender/cellbender/cellbender_counts_metrics.csv
JAX scRNAseq02	GCM1-Day-5	GCM1-Day-5/downstream_genefull_velocyto_cellbender/cellbender/cellbender_counts_report.html	1091395	/mnt/pikachu/JAX_scRNAseq02_processed/ocm_prod_batch_flex_native_yremove_trace_20260521T034223Z/25E34-L3/samples/GCM1-Day-5/downstream_genefull_velocyto_cellbender_remote/cellbender/cellbender_counts_report.html	2026-05-22T04:59:37Z	/JAX_scRNAseq02_processed/JAX-scRNAseq02-5-22-26/GCM1-Day-5/downstream_genefull_velocyto_cellbender/cellbender/cellbender_counts_report.html
JAX scRNAseq02	GCM1-Day-5	GCM1-Day-5/downstream_genefull_velocyto_cellbender/counts.h5ad	1000828854	/mnt/pikachu/JAX_scRNAseq02_processed/ocm_prod_batch_flex_native_yremove_trace_20260521T034223Z/25E34-L3/samples/GCM1-Day-5/downstream_genefull_velocyto_cellbender_remote/counts.h5ad	2026-05-22T04:59:44Z	/JAX_scRNAseq02_processed/JAX-scRNAseq02-5-22-26/GCM1-Day-5/downstream_genefull_velocyto_cellbender/counts.h5ad
JAX scRNAseq02	GCM1-Day-5	GCM1-Day-5/downstream_genefull_velocyto_cellbender/default_singlet_filtered_counts.h5ad	469028642	/mnt/pikachu/JAX_scRNAseq02_processed/ocm_prod_batch_flex_native_yremove_trace_20260521T034223Z/25E34-L3/samples/GCM1-Day-5/downstream_genefull_velocyto_cellbender_remote/default_singlet_filtered_counts.h5ad	2026-05-22T04:59:58Z	/JAX_scRNAseq02_processed/JAX-scRNAseq02-5-22-26/GCM1-Day-5/downstream_genefull_velocyto_cellbender/default_singlet_filtered_counts.h5ad
JAX scRNAseq02	GCM1-Day-5	GCM1-Day-5/downstream_genefull_velocyto_cellbender/doublet_barcodes.txt	12996	/mnt/pikachu/JAX_scRNAseq02_processed/ocm_prod_batch_flex_native_yremove_trace_20260521T034223Z/25E34-L3/samples/GCM1-Day-5/downstream_genefull_velocyto_cellbender_remote/doublet_barcodes.txt	2026-05-22T04:21:37Z	/JAX_scRNAseq02_processed/JAX-scRNAseq02-5-22-26/GCM1-Day-5/downstream_genefull_velocyto_cellbender/doublet_barcodes.txt
JAX scRNAseq02	GCM1-Day-5	GCM1-Day-5/downstream_genefull_velocyto_cellbender/filtered_barcodes_with_scores.txt	318606	/mnt/pikachu/JAX_scRNAseq02_processed/ocm_prod_batch_flex_native_yremove_trace_20260521T034223Z/25E34-L3/samples/GCM1-Day-5/downstream_genefull_velocyto_cellbender_remote/filtered_barcodes_with_scores.txt	2026-05-22T04:21:37Z	/JAX_scRNAseq02_processed/JAX-scRNAseq02-5-22-26/GCM1-Day-5/downstream_genefull_velocyto_cellbender/filtered_barcodes_with_scores.txt
JAX scRNAseq02	GCM1-Day-5	GCM1-Day-5/downstream_genefull_velocyto_cellbender/filtered_counts.h5ad	561123256	/mnt/pikachu/JAX_scRNAseq02_processed/ocm_prod_batch_flex_native_yremove_trace_20260521T034223Z/25E34-L3/samples/GCM1-Day-5/downstream_genefull_velocyto_cellbender_remote/filtered_counts.h5ad	2026-05-22T04:59:54Z	/JAX_scRNAseq02_processed/JAX-scRNAseq02-5-22-26/GCM1-Day-5/downstream_genefull_velocyto_cellbender/filtered_counts.h5ad
JAX scRNAseq02	GCM1-Day-5	GCM1-Day-5/downstream_genefull_velocyto_cellbender/final_counts.h5ad	1045082934	/mnt/pikachu/JAX_scRNAseq02_processed/ocm_prod_batch_flex_native_yremove_trace_20260521T034223Z/25E34-L3/samples/GCM1-Day-5/downstream_genefull_velocyto_cellbender_remote/final_counts.h5ad	2026-05-22T05:00:00Z	/JAX_scRNAseq02_processed/JAX-scRNAseq02-5-22-26/GCM1-Day-5/downstream_genefull_velocyto_cellbender/final_counts.h5ad
JAX scRNAseq02	GCM1-Day-5	GCM1-Day-5/downstream_genefull_velocyto_cellbender/gene_quantile_histogram.html	3699344	/mnt/pikachu/JAX_scRNAseq02_processed/ocm_prod_batch_flex_native_yremove_trace_20260521T034223Z/25E34-L3/samples/GCM1-Day-5/downstream_genefull_velocyto_cellbender_remote/gene_quantile_histogram.html	2026-05-22T04:23:09Z	/JAX_scRNAseq02_processed/JAX-scRNAseq02-5-22-26/GCM1-Day-5/downstream_genefull_velocyto_cellbender/gene_quantile_histogram.html
JAX scRNAseq02	GCM1-Day-5	GCM1-Day-5/downstream_genefull_velocyto_cellbender/gene_quantile_histogram.png	189348	/mnt/pikachu/JAX_scRNAseq02_processed/ocm_prod_batch_flex_native_yremove_trace_20260521T034223Z/25E34-L3/samples/GCM1-Day-5/downstream_genefull_velocyto_cellbender_remote/gene_quantile_histogram.png	2026-05-22T04:23:09Z	/JAX_scRNAseq02_processed/JAX-scRNAseq02-5-22-26/GCM1-Day-5/downstream_genefull_velocyto_cellbender/gene_quantile_histogram.png
JAX scRNAseq02	GCM1-Day-5	GCM1-Day-5/downstream_genefull_velocyto_cellbender/non_empty_barcodes.txt	130359	/mnt/pikachu/JAX_scRNAseq02_processed/ocm_prod_batch_flex_native_yremove_trace_20260521T034223Z/25E34-L3/samples/GCM1-Day-5/downstream_genefull_velocyto_cellbender_remote/non_empty_barcodes.txt	2026-05-22T04:21:02Z	/JAX_scRNAseq02_processed/JAX-scRNAseq02-5-22-26/GCM1-Day-5/downstream_genefull_velocyto_cellbender/non_empty_barcodes.txt
JAX scRNAseq02	GCM1-Day-5	GCM1-Day-5/downstream_genefull_velocyto_cellbender/summary.txt	12621	/mnt/pikachu/JAX_scRNAseq02_processed/ocm_prod_batch_flex_native_yremove_trace_20260521T034223Z/25E34-L3/samples/GCM1-Day-5/downstream_genefull_velocyto_cellbender_remote/summary.txt	2026-05-22T05:00:06Z	/JAX_scRNAseq02_processed/JAX-scRNAseq02-5-22-26/GCM1-Day-5/downstream_genefull_velocyto_cellbender/summary.txt
JAX scRNAseq02	GCM1-Day-5	GCM1-Day-5/downstream_genefull_velocyto_cellbender/unfiltered_counts.h5ad	1045082934	/mnt/pikachu/JAX_scRNAseq02_processed/ocm_prod_batch_flex_native_yremove_trace_20260521T034223Z/25E34-L3/samples/GCM1-Day-5/downstream_genefull_velocyto_cellbender_remote/unfiltered_counts.h5ad	2026-05-22T04:59:50Z	/JAX_scRNAseq02_processed/JAX-scRNAseq02-5-22-26/GCM1-Day-5/downstream_genefull_velocyto_cellbender/unfiltered_counts.h5ad
JAX scRNAseq02	GRHL1-Day-5	GRHL1-Day-5/downstream_genefull_velocyto_cellbender/adaptive_qc_threshold.json	1044	/mnt/pikachu/JAX_scRNAseq02_processed/ocm_prod_batch_flex_native_yremove_trace_20260521T034223Z/25E34-L3/samples/GRHL1-Day-5/downstream_genefull_velocyto_cellbender_remote/adaptive_qc_threshold.json	2026-05-22T05:04:20Z	/JAX_scRNAseq02_processed/JAX-scRNAseq02-5-22-26/GRHL1-Day-5/downstream_genefull_velocyto_cellbender/adaptive_qc_threshold.json
JAX scRNAseq02	GRHL1-Day-5	GRHL1-Day-5/downstream_genefull_velocyto_cellbender/cellbender/cellbender_counts.log	37920	/mnt/pikachu/JAX_scRNAseq02_processed/ocm_prod_batch_flex_native_yremove_trace_20260521T034223Z/25E34-L3/samples/GRHL1-Day-5/downstream_genefull_velocyto_cellbender_remote/cellbender/cellbender_counts.log	2026-05-22T05:52:24Z	/JAX_scRNAseq02_processed/JAX-scRNAseq02-5-22-26/GRHL1-Day-5/downstream_genefull_velocyto_cellbender/cellbender/cellbender_counts.log
JAX scRNAseq02	GRHL1-Day-5	GRHL1-Day-5/downstream_genefull_velocyto_cellbender/cellbender/cellbender_counts.pdf	87567	/mnt/pikachu/JAX_scRNAseq02_processed/ocm_prod_batch_flex_native_yremove_trace_20260521T034223Z/25E34-L3/samples/GRHL1-Day-5/downstream_genefull_velocyto_cellbender_remote/cellbender/cellbender_counts.pdf	2026-05-22T05:43:51Z	/JAX_scRNAseq02_processed/JAX-scRNAseq02-5-22-26/GRHL1-Day-5/downstream_genefull_velocyto_cellbender/cellbender/cellbender_counts.pdf
JAX scRNAseq02	GRHL1-Day-5	GRHL1-Day-5/downstream_genefull_velocyto_cellbender/cellbender/cellbender_counts_cell_barcodes.csv	753711	/mnt/pikachu/JAX_scRNAseq02_processed/ocm_prod_batch_flex_native_yremove_trace_20260521T034223Z/25E34-L3/samples/GRHL1-Day-5/downstream_genefull_velocyto_cellbender_remote/cellbender/cellbender_counts_cell_barcodes.csv	2026-05-22T05:43:51Z	/JAX_scRNAseq02_processed/JAX-scRNAseq02-5-22-26/GRHL1-Day-5/downstream_genefull_velocyto_cellbender/cellbender/cellbender_counts_cell_barcodes.csv
JAX scRNAseq02	GRHL1-Day-5	GRHL1-Day-5/downstream_genefull_velocyto_cellbender/cellbender/cellbender_counts_metrics.csv	585	/mnt/pikachu/JAX_scRNAseq02_processed/ocm_prod_batch_flex_native_yremove_trace_20260521T034223Z/25E34-L3/samples/GRHL1-Day-5/downstream_genefull_velocyto_cellbender_remote/cellbender/cellbender_counts_metrics.csv	2026-05-22T05:52:08Z	/JAX_scRNAseq02_processed/JAX-scRNAseq02-5-22-26/GRHL1-Day-5/downstream_genefull_velocyto_cellbender/cellbender/cellbender_counts_metrics.csv
JAX scRNAseq02	GRHL1-Day-5	GRHL1-Day-5/downstream_genefull_velocyto_cellbender/cellbender/cellbender_counts_report.html	1112342	/mnt/pikachu/JAX_scRNAseq02_processed/ocm_prod_batch_flex_native_yremove_trace_20260521T034223Z/25E34-L3/samples/GRHL1-Day-5/downstream_genefull_velocyto_cellbender_remote/cellbender/cellbender_counts_report.html	2026-05-22T05:52:24Z	/JAX_scRNAseq02_processed/JAX-scRNAseq02-5-22-26/GRHL1-Day-5/downstream_genefull_velocyto_cellbender/cellbender/cellbender_counts_report.html
JAX scRNAseq02	GRHL1-Day-5	GRHL1-Day-5/downstream_genefull_velocyto_cellbender/counts.h5ad	1196560310	/mnt/pikachu/JAX_scRNAseq02_processed/ocm_prod_batch_flex_native_yremove_trace_20260521T034223Z/25E34-L3/samples/GRHL1-Day-5/downstream_genefull_velocyto_cellbender_remote/counts.h5ad	2026-05-22T05:52:32Z	/JAX_scRNAseq02_processed/JAX-scRNAseq02-5-22-26/GRHL1-Day-5/downstream_genefull_velocyto_cellbender/counts.h5ad
JAX scRNAseq02	GRHL1-Day-5	GRHL1-Day-5/downstream_genefull_velocyto_cellbender/default_singlet_filtered_counts.h5ad	520448410	/mnt/pikachu/JAX_scRNAseq02_processed/ocm_prod_batch_flex_native_yremove_trace_20260521T034223Z/25E34-L3/samples/GRHL1-Day-5/downstream_genefull_velocyto_cellbender_remote/default_singlet_filtered_counts.h5ad	2026-05-22T05:52:48Z	/JAX_scRNAseq02_processed/JAX-scRNAseq02-5-22-26/GRHL1-Day-5/downstream_genefull_velocyto_cellbender/default_singlet_filtered_counts.h5ad
JAX scRNAseq02	GRHL1-Day-5	GRHL1-Day-5/downstream_genefull_velocyto_cellbender/doublet_barcodes.txt	14877	/mnt/pikachu/JAX_scRNAseq02_processed/ocm_prod_batch_flex_native_yremove_trace_20260521T034223Z/25E34-L3/samples/GRHL1-Day-5/downstream_genefull_velocyto_cellbender_remote/doublet_barcodes.txt	2026-05-22T05:02:33Z	/JAX_scRNAseq02_processed/JAX-scRNAseq02-5-22-26/GRHL1-Day-5/downstream_genefull_velocyto_cellbender/doublet_barcodes.txt
JAX scRNAseq02	GRHL1-Day-5	GRHL1-Day-5/downstream_genefull_velocyto_cellbender/filtered_barcodes_with_scores.txt	349585	/mnt/pikachu/JAX_scRNAseq02_processed/ocm_prod_batch_flex_native_yremove_trace_20260521T034223Z/25E34-L3/samples/GRHL1-Day-5/downstream_genefull_velocyto_cellbender_remote/filtered_barcodes_with_scores.txt	2026-05-22T05:02:33Z	/JAX_scRNAseq02_processed/JAX-scRNAseq02-5-22-26/GRHL1-Day-5/downstream_genefull_velocyto_cellbender/filtered_barcodes_with_scores.txt
JAX scRNAseq02	GRHL1-Day-5	GRHL1-Day-5/downstream_genefull_velocyto_cellbender/filtered_counts.h5ad	624573538	/mnt/pikachu/JAX_scRNAseq02_processed/ocm_prod_batch_flex_native_yremove_trace_20260521T034223Z/25E34-L3/samples/GRHL1-Day-5/downstream_genefull_velocyto_cellbender_remote/filtered_counts.h5ad	2026-05-22T05:52:44Z	/JAX_scRNAseq02_processed/JAX-scRNAseq02-5-22-26/GRHL1-Day-5/downstream_genefull_velocyto_cellbender/filtered_counts.h5ad
JAX scRNAseq02	GRHL1-Day-5	GRHL1-Day-5/downstream_genefull_velocyto_cellbender/final_counts.h5ad	1240814390	/mnt/pikachu/JAX_scRNAseq02_processed/ocm_prod_batch_flex_native_yremove_trace_20260521T034223Z/25E34-L3/samples/GRHL1-Day-5/downstream_genefull_velocyto_cellbender_remote/final_counts.h5ad	2026-05-22T05:52:50Z	/JAX_scRNAseq02_processed/JAX-scRNAseq02-5-22-26/GRHL1-Day-5/downstream_genefull_velocyto_cellbender/final_counts.h5ad
JAX scRNAseq02	GRHL1-Day-5	GRHL1-Day-5/downstream_genefull_velocyto_cellbender/gene_quantile_histogram.html	3704651	/mnt/pikachu/JAX_scRNAseq02_processed/ocm_prod_batch_flex_native_yremove_trace_20260521T034223Z/25E34-L3/samples/GRHL1-Day-5/downstream_genefull_velocyto_cellbender_remote/gene_quantile_histogram.html	2026-05-22T05:04:22Z	/JAX_scRNAseq02_processed/JAX-scRNAseq02-5-22-26/GRHL1-Day-5/downstream_genefull_velocyto_cellbender/gene_quantile_histogram.html
JAX scRNAseq02	GRHL1-Day-5	GRHL1-Day-5/downstream_genefull_velocyto_cellbender/gene_quantile_histogram.png	202497	/mnt/pikachu/JAX_scRNAseq02_processed/ocm_prod_batch_flex_native_yremove_trace_20260521T034223Z/25E34-L3/samples/GRHL1-Day-5/downstream_genefull_velocyto_cellbender_remote/gene_quantile_histogram.png	2026-05-22T05:04:23Z	/JAX_scRNAseq02_processed/JAX-scRNAseq02-5-22-26/GRHL1-Day-5/downstream_genefull_velocyto_cellbender/gene_quantile_histogram.png
JAX scRNAseq02	GRHL1-Day-5	GRHL1-Day-5/downstream_genefull_velocyto_cellbender/non_empty_barcodes.txt	142823	/mnt/pikachu/JAX_scRNAseq02_processed/ocm_prod_batch_flex_native_yremove_trace_20260521T034223Z/25E34-L3/samples/GRHL1-Day-5/downstream_genefull_velocyto_cellbender_remote/non_empty_barcodes.txt	2026-05-22T05:01:49Z	/JAX_scRNAseq02_processed/JAX-scRNAseq02-5-22-26/GRHL1-Day-5/downstream_genefull_velocyto_cellbender/non_empty_barcodes.txt
JAX scRNAseq02	GRHL1-Day-5	GRHL1-Day-5/downstream_genefull_velocyto_cellbender/summary.txt	12609	/mnt/pikachu/JAX_scRNAseq02_processed/ocm_prod_batch_flex_native_yremove_trace_20260521T034223Z/25E34-L3/samples/GRHL1-Day-5/downstream_genefull_velocyto_cellbender_remote/summary.txt	2026-05-22T05:52:56Z	/JAX_scRNAseq02_processed/JAX-scRNAseq02-5-22-26/GRHL1-Day-5/downstream_genefull_velocyto_cellbender/summary.txt
JAX scRNAseq02	GRHL1-Day-5	GRHL1-Day-5/downstream_genefull_velocyto_cellbender/unfiltered_counts.h5ad	1240814390	/mnt/pikachu/JAX_scRNAseq02_processed/ocm_prod_batch_flex_native_yremove_trace_20260521T034223Z/25E34-L3/samples/GRHL1-Day-5/downstream_genefull_velocyto_cellbender_remote/unfiltered_counts.h5ad	2026-05-22T05:52:39Z	/JAX_scRNAseq02_processed/JAX-scRNAseq02-5-22-26/GRHL1-Day-5/downstream_genefull_velocyto_cellbender/unfiltered_counts.h5ad
JAX scRNAseq02	OVOL1-Day-5	OVOL1-Day-5/downstream_genefull_velocyto_cellbender/adaptive_qc_threshold.json	1045	/mnt/pikachu/JAX_scRNAseq02_processed/ocm_prod_batch_flex_native_yremove_trace_20260521T034223Z/25E34-L3/samples/OVOL1-Day-5/downstream_genefull_velocyto_cellbender_remote/adaptive_qc_threshold.json	2026-05-22T05:56:12Z	/JAX_scRNAseq02_processed/JAX-scRNAseq02-5-22-26/OVOL1-Day-5/downstream_genefull_velocyto_cellbender/adaptive_qc_threshold.json
JAX scRNAseq02	OVOL1-Day-5	OVOL1-Day-5/downstream_genefull_velocyto_cellbender/cellbender/cellbender_counts.log	37919	/mnt/pikachu/JAX_scRNAseq02_processed/ocm_prod_batch_flex_native_yremove_trace_20260521T034223Z/25E34-L3/samples/OVOL1-Day-5/downstream_genefull_velocyto_cellbender_remote/cellbender/cellbender_counts.log	2026-05-22T06:38:00Z	/JAX_scRNAseq02_processed/JAX-scRNAseq02-5-22-26/OVOL1-Day-5/downstream_genefull_velocyto_cellbender/cellbender/cellbender_counts.log
JAX scRNAseq02	OVOL1-Day-5	OVOL1-Day-5/downstream_genefull_velocyto_cellbender/cellbender/cellbender_counts.pdf	82030	/mnt/pikachu/JAX_scRNAseq02_processed/ocm_prod_batch_flex_native_yremove_trace_20260521T034223Z/25E34-L3/samples/OVOL1-Day-5/downstream_genefull_velocyto_cellbender_remote/cellbender/cellbender_counts.pdf	2026-05-22T06:31:39Z	/JAX_scRNAseq02_processed/JAX-scRNAseq02-5-22-26/OVOL1-Day-5/downstream_genefull_velocyto_cellbender/cellbender/cellbender_counts.pdf
JAX scRNAseq02	OVOL1-Day-5	OVOL1-Day-5/downstream_genefull_velocyto_cellbender/cellbender/cellbender_counts_cell_barcodes.csv	752799	/mnt/pikachu/JAX_scRNAseq02_processed/ocm_prod_batch_flex_native_yremove_trace_20260521T034223Z/25E34-L3/samples/OVOL1-Day-5/downstream_genefull_velocyto_cellbender_remote/cellbender/cellbender_counts_cell_barcodes.csv	2026-05-22T06:31:39Z	/JAX_scRNAseq02_processed/JAX-scRNAseq02-5-22-26/OVOL1-Day-5/downstream_genefull_velocyto_cellbender/cellbender/cellbender_counts_cell_barcodes.csv
JAX scRNAseq02	OVOL1-Day-5	OVOL1-Day-5/downstream_genefull_velocyto_cellbender/cellbender/cellbender_counts_metrics.csv	585	/mnt/pikachu/JAX_scRNAseq02_processed/ocm_prod_batch_flex_native_yremove_trace_20260521T034223Z/25E34-L3/samples/OVOL1-Day-5/downstream_genefull_velocyto_cellbender_remote/cellbender/cellbender_counts_metrics.csv	2026-05-22T06:37:44Z	/JAX_scRNAseq02_processed/JAX-scRNAseq02-5-22-26/OVOL1-Day-5/downstream_genefull_velocyto_cellbender/cellbender/cellbender_counts_metrics.csv
JAX scRNAseq02	OVOL1-Day-5	OVOL1-Day-5/downstream_genefull_velocyto_cellbender/cellbender/cellbender_counts_report.html	1104672	/mnt/pikachu/JAX_scRNAseq02_processed/ocm_prod_batch_flex_native_yremove_trace_20260521T034223Z/25E34-L3/samples/OVOL1-Day-5/downstream_genefull_velocyto_cellbender_remote/cellbender/cellbender_counts_report.html	2026-05-22T06:38:00Z	/JAX_scRNAseq02_processed/JAX-scRNAseq02-5-22-26/OVOL1-Day-5/downstream_genefull_velocyto_cellbender/cellbender/cellbender_counts_report.html
JAX scRNAseq02	OVOL1-Day-5	OVOL1-Day-5/downstream_genefull_velocyto_cellbender/counts.h5ad	949833654	/mnt/pikachu/JAX_scRNAseq02_processed/ocm_prod_batch_flex_native_yremove_trace_20260521T034223Z/25E34-L3/samples/OVOL1-Day-5/downstream_genefull_velocyto_cellbender_remote/counts.h5ad	2026-05-22T06:38:07Z	/JAX_scRNAseq02_processed/JAX-scRNAseq02-5-22-26/OVOL1-Day-5/downstream_genefull_velocyto_cellbender/counts.h5ad
JAX scRNAseq02	OVOL1-Day-5	OVOL1-Day-5/downstream_genefull_velocyto_cellbender/default_singlet_filtered_counts.h5ad	439639218	/mnt/pikachu/JAX_scRNAseq02_processed/ocm_prod_batch_flex_native_yremove_trace_20260521T034223Z/25E34-L3/samples/OVOL1-Day-5/downstream_genefull_velocyto_cellbender_remote/default_singlet_filtered_counts.h5ad	2026-05-22T06:38:21Z	/JAX_scRNAseq02_processed/JAX-scRNAseq02-5-22-26/OVOL1-Day-5/downstream_genefull_velocyto_cellbender/default_singlet_filtered_counts.h5ad
JAX scRNAseq02	OVOL1-Day-5	OVOL1-Day-5/downstream_genefull_velocyto_cellbender/doublet_barcodes.txt	6916	/mnt/pikachu/JAX_scRNAseq02_processed/ocm_prod_batch_flex_native_yremove_trace_20260521T034223Z/25E34-L3/samples/OVOL1-Day-5/downstream_genefull_velocyto_cellbender_remote/doublet_barcodes.txt	2026-05-22T05:55:03Z	/JAX_scRNAseq02_processed/JAX-scRNAseq02-5-22-26/OVOL1-Day-5/downstream_genefull_velocyto_cellbender/doublet_barcodes.txt
JAX scRNAseq02	OVOL1-Day-5	OVOL1-Day-5/downstream_genefull_velocyto_cellbender/filtered_barcodes_with_scores.txt	212612	/mnt/pikachu/JAX_scRNAseq02_processed/ocm_prod_batch_flex_native_yremove_trace_20260521T034223Z/25E34-L3/samples/OVOL1-Day-5/downstream_genefull_velocyto_cellbender_remote/filtered_barcodes_with_scores.txt	2026-05-22T05:55:03Z	/JAX_scRNAseq02_processed/JAX-scRNAseq02-5-22-26/OVOL1-Day-5/downstream_genefull_velocyto_cellbender/filtered_barcodes_with_scores.txt
JAX scRNAseq02	OVOL1-Day-5	OVOL1-Day-5/downstream_genefull_velocyto_cellbender/filtered_counts.h5ad	500466496	/mnt/pikachu/JAX_scRNAseq02_processed/ocm_prod_batch_flex_native_yremove_trace_20260521T034223Z/25E34-L3/samples/OVOL1-Day-5/downstream_genefull_velocyto_cellbender_remote/filtered_counts.h5ad	2026-05-22T06:38:17Z	/JAX_scRNAseq02_processed/JAX-scRNAseq02-5-22-26/OVOL1-Day-5/downstream_genefull_velocyto_cellbender/filtered_counts.h5ad
JAX scRNAseq02	OVOL1-Day-5	OVOL1-Day-5/downstream_genefull_velocyto_cellbender/final_counts.h5ad	994087734	/mnt/pikachu/JAX_scRNAseq02_processed/ocm_prod_batch_flex_native_yremove_trace_20260521T034223Z/25E34-L3/samples/OVOL1-Day-5/downstream_genefull_velocyto_cellbender_remote/final_counts.h5ad	2026-05-22T06:38:22Z	/JAX_scRNAseq02_processed/JAX-scRNAseq02-5-22-26/OVOL1-Day-5/downstream_genefull_velocyto_cellbender/final_counts.h5ad
JAX scRNAseq02	OVOL1-Day-5	OVOL1-Day-5/downstream_genefull_velocyto_cellbender/gene_quantile_histogram.html	3679735	/mnt/pikachu/JAX_scRNAseq02_processed/ocm_prod_batch_flex_native_yremove_trace_20260521T034223Z/25E34-L3/samples/OVOL1-Day-5/downstream_genefull_velocyto_cellbender_remote/gene_quantile_histogram.html	2026-05-22T05:56:14Z	/JAX_scRNAseq02_processed/JAX-scRNAseq02-5-22-26/OVOL1-Day-5/downstream_genefull_velocyto_cellbender/gene_quantile_histogram.html
JAX scRNAseq02	OVOL1-Day-5	OVOL1-Day-5/downstream_genefull_velocyto_cellbender/gene_quantile_histogram.png	197728	/mnt/pikachu/JAX_scRNAseq02_processed/ocm_prod_batch_flex_native_yremove_trace_20260521T034223Z/25E34-L3/samples/OVOL1-Day-5/downstream_genefull_velocyto_cellbender_remote/gene_quantile_histogram.png	2026-05-22T05:56:15Z	/JAX_scRNAseq02_processed/JAX-scRNAseq02-5-22-26/OVOL1-Day-5/downstream_genefull_velocyto_cellbender/gene_quantile_histogram.png
JAX scRNAseq02	OVOL1-Day-5	OVOL1-Day-5/downstream_genefull_velocyto_cellbender/non_empty_barcodes.txt	87590	/mnt/pikachu/JAX_scRNAseq02_processed/ocm_prod_batch_flex_native_yremove_trace_20260521T034223Z/25E34-L3/samples/OVOL1-Day-5/downstream_genefull_velocyto_cellbender_remote/non_empty_barcodes.txt	2026-05-22T05:54:39Z	/JAX_scRNAseq02_processed/JAX-scRNAseq02-5-22-26/OVOL1-Day-5/downstream_genefull_velocyto_cellbender/non_empty_barcodes.txt
JAX scRNAseq02	OVOL1-Day-5	OVOL1-Day-5/downstream_genefull_velocyto_cellbender/summary.txt	13074	/mnt/pikachu/JAX_scRNAseq02_processed/ocm_prod_batch_flex_native_yremove_trace_20260521T034223Z/25E34-L3/samples/OVOL1-Day-5/downstream_genefull_velocyto_cellbender_remote/summary.txt	2026-05-22T06:38:27Z	/JAX_scRNAseq02_processed/JAX-scRNAseq02-5-22-26/OVOL1-Day-5/downstream_genefull_velocyto_cellbender/summary.txt
JAX scRNAseq02	OVOL1-Day-5	OVOL1-Day-5/downstream_genefull_velocyto_cellbender/unfiltered_counts.h5ad	994087734	/mnt/pikachu/JAX_scRNAseq02_processed/ocm_prod_batch_flex_native_yremove_trace_20260521T034223Z/25E34-L3/samples/OVOL1-Day-5/downstream_genefull_velocyto_cellbender_remote/unfiltered_counts.h5ad	2026-05-22T06:38:13Z	/JAX_scRNAseq02_processed/JAX-scRNAseq02-5-22-26/OVOL1-Day-5/downstream_genefull_velocyto_cellbender/unfiltered_counts.h5ad
JAX scRNAseq02	WT-PrS-20pct-Day-5	WT-PrS-20pct-Day-5/downstream_genefull_velocyto_cellbender/adaptive_qc_threshold.json	1033	/mnt/pikachu/JAX_scRNAseq02_processed/ocm_prod_batch_flex_native_yremove_trace_20260521T034223Z/25E34-L3/samples/WT-PrS-20pct-Day-5/downstream_genefull_velocyto_cellbender_remote/adaptive_qc_threshold.json	2026-05-22T06:42:57Z	/JAX_scRNAseq02_processed/JAX-scRNAseq02-5-22-26/WT-PrS-20pct-Day-5/downstream_genefull_velocyto_cellbender/adaptive_qc_threshold.json
JAX scRNAseq02	WT-PrS-20pct-Day-5	WT-PrS-20pct-Day-5/downstream_genefull_velocyto_cellbender/cellbender/cellbender_counts.log	33784	/mnt/pikachu/JAX_scRNAseq02_processed/ocm_prod_batch_flex_native_yremove_trace_20260521T034223Z/25E34-L3/samples/WT-PrS-20pct-Day-5/downstream_genefull_velocyto_cellbender_remote/cellbender/cellbender_counts.log	2026-05-22T07:20:24Z	/JAX_scRNAseq02_processed/JAX-scRNAseq02-5-22-26/WT-PrS-20pct-Day-5/downstream_genefull_velocyto_cellbender/cellbender/cellbender_counts.log
JAX scRNAseq02	WT-PrS-20pct-Day-5	WT-PrS-20pct-Day-5/downstream_genefull_velocyto_cellbender/cellbender/cellbender_counts.pdf	69822	/mnt/pikachu/JAX_scRNAseq02_processed/ocm_prod_batch_flex_native_yremove_trace_20260521T034223Z/25E34-L3/samples/WT-PrS-20pct-Day-5/downstream_genefull_velocyto_cellbender_remote/cellbender/cellbender_counts.pdf	2026-05-22T07:14:20Z	/JAX_scRNAseq02_processed/JAX-scRNAseq02-5-22-26/WT-PrS-20pct-Day-5/downstream_genefull_velocyto_cellbender/cellbender/cellbender_counts.pdf
JAX scRNAseq02	WT-PrS-20pct-Day-5	WT-PrS-20pct-Day-5/downstream_genefull_velocyto_cellbender/cellbender/cellbender_counts_cell_barcodes.csv	583243	/mnt/pikachu/JAX_scRNAseq02_processed/ocm_prod_batch_flex_native_yremove_trace_20260521T034223Z/25E34-L3/samples/WT-PrS-20pct-Day-5/downstream_genefull_velocyto_cellbender_remote/cellbender/cellbender_counts_cell_barcodes.csv	2026-05-22T07:14:20Z	/JAX_scRNAseq02_processed/JAX-scRNAseq02-5-22-26/WT-PrS-20pct-Day-5/downstream_genefull_velocyto_cellbender/cellbender/cellbender_counts_cell_barcodes.csv
JAX scRNAseq02	WT-PrS-20pct-Day-5	WT-PrS-20pct-Day-5/downstream_genefull_velocyto_cellbender/cellbender/cellbender_counts_metrics.csv	585	/mnt/pikachu/JAX_scRNAseq02_processed/ocm_prod_batch_flex_native_yremove_trace_20260521T034223Z/25E34-L3/samples/WT-PrS-20pct-Day-5/downstream_genefull_velocyto_cellbender_remote/cellbender/cellbender_counts_metrics.csv	2026-05-22T07:20:08Z	/JAX_scRNAseq02_processed/JAX-scRNAseq02-5-22-26/WT-PrS-20pct-Day-5/downstream_genefull_velocyto_cellbender/cellbender/cellbender_counts_metrics.csv
JAX scRNAseq02	WT-PrS-20pct-Day-5	WT-PrS-20pct-Day-5/downstream_genefull_velocyto_cellbender/cellbender/cellbender_counts_report.html	1071129	/mnt/pikachu/JAX_scRNAseq02_processed/ocm_prod_batch_flex_native_yremove_trace_20260521T034223Z/25E34-L3/samples/WT-PrS-20pct-Day-5/downstream_genefull_velocyto_cellbender_remote/cellbender/cellbender_counts_report.html	2026-05-22T07:20:24Z	/JAX_scRNAseq02_processed/JAX-scRNAseq02-5-22-26/WT-PrS-20pct-Day-5/downstream_genefull_velocyto_cellbender/cellbender/cellbender_counts_report.html
JAX scRNAseq02	WT-PrS-20pct-Day-5	WT-PrS-20pct-Day-5/downstream_genefull_velocyto_cellbender/counts.h5ad	891064246	/mnt/pikachu/JAX_scRNAseq02_processed/ocm_prod_batch_flex_native_yremove_trace_20260521T034223Z/25E34-L3/samples/WT-PrS-20pct-Day-5/downstream_genefull_velocyto_cellbender_remote/counts.h5ad	2026-05-22T07:20:31Z	/JAX_scRNAseq02_processed/JAX-scRNAseq02-5-22-26/WT-PrS-20pct-Day-5/downstream_genefull_velocyto_cellbender/counts.h5ad
JAX scRNAseq02	WT-PrS-20pct-Day-5	WT-PrS-20pct-Day-5/downstream_genefull_velocyto_cellbender/default_singlet_filtered_counts.h5ad	124261830	/mnt/pikachu/JAX_scRNAseq02_processed/ocm_prod_batch_flex_native_yremove_trace_20260521T034223Z/25E34-L3/samples/WT-PrS-20pct-Day-5/downstream_genefull_velocyto_cellbender_remote/default_singlet_filtered_counts.h5ad	2026-05-22T07:20:44Z	/JAX_scRNAseq02_processed/JAX-scRNAseq02-5-22-26/WT-PrS-20pct-Day-5/downstream_genefull_velocyto_cellbender/default_singlet_filtered_counts.h5ad
JAX scRNAseq02	WT-PrS-20pct-Day-5	WT-PrS-20pct-Day-5/downstream_genefull_velocyto_cellbender/doublet_barcodes.txt	13832	/mnt/pikachu/JAX_scRNAseq02_processed/ocm_prod_batch_flex_native_yremove_trace_20260521T034223Z/25E34-L3/samples/WT-PrS-20pct-Day-5/downstream_genefull_velocyto_cellbender_remote/doublet_barcodes.txt	2026-05-22T06:40:56Z	/JAX_scRNAseq02_processed/JAX-scRNAseq02-5-22-26/WT-PrS-20pct-Day-5/downstream_genefull_velocyto_cellbender/doublet_barcodes.txt
JAX scRNAseq02	WT-PrS-20pct-Day-5	WT-PrS-20pct-Day-5/downstream_genefull_velocyto_cellbender/filtered_barcodes_with_scores.txt	391613	/mnt/pikachu/JAX_scRNAseq02_processed/ocm_prod_batch_flex_native_yremove_trace_20260521T034223Z/25E34-L3/samples/WT-PrS-20pct-Day-5/downstream_genefull_velocyto_cellbender_remote/filtered_barcodes_with_scores.txt	2026-05-22T06:40:56Z	/JAX_scRNAseq02_processed/JAX-scRNAseq02-5-22-26/WT-PrS-20pct-Day-5/downstream_genefull_velocyto_cellbender/filtered_barcodes_with_scores.txt
JAX scRNAseq02	WT-PrS-20pct-Day-5	WT-PrS-20pct-Day-5/downstream_genefull_velocyto_cellbender/filtered_counts.h5ad	125021376	/mnt/pikachu/JAX_scRNAseq02_processed/ocm_prod_batch_flex_native_yremove_trace_20260521T034223Z/25E34-L3/samples/WT-PrS-20pct-Day-5/downstream_genefull_velocyto_cellbender_remote/filtered_counts.h5ad	2026-05-22T07:20:41Z	/JAX_scRNAseq02_processed/JAX-scRNAseq02-5-22-26/WT-PrS-20pct-Day-5/downstream_genefull_velocyto_cellbender/filtered_counts.h5ad
JAX scRNAseq02	WT-PrS-20pct-Day-5	WT-PrS-20pct-Day-5/downstream_genefull_velocyto_cellbender/final_counts.h5ad	935318326	/mnt/pikachu/JAX_scRNAseq02_processed/ocm_prod_batch_flex_native_yremove_trace_20260521T034223Z/25E34-L3/samples/WT-PrS-20pct-Day-5/downstream_genefull_velocyto_cellbender_remote/final_counts.h5ad	2026-05-22T07:20:45Z	/JAX_scRNAseq02_processed/JAX-scRNAseq02-5-22-26/WT-PrS-20pct-Day-5/downstream_genefull_velocyto_cellbender/final_counts.h5ad
JAX scRNAseq02	WT-PrS-20pct-Day-5	WT-PrS-20pct-Day-5/downstream_genefull_velocyto_cellbender/gene_quantile_histogram.html	3706033	/mnt/pikachu/JAX_scRNAseq02_processed/ocm_prod_batch_flex_native_yremove_trace_20260521T034223Z/25E34-L3/samples/WT-PrS-20pct-Day-5/downstream_genefull_velocyto_cellbender_remote/gene_quantile_histogram.html	2026-05-22T06:42:59Z	/JAX_scRNAseq02_processed/JAX-scRNAseq02-5-22-26/WT-PrS-20pct-Day-5/downstream_genefull_velocyto_cellbender/gene_quantile_histogram.html
JAX scRNAseq02	WT-PrS-20pct-Day-5	WT-PrS-20pct-Day-5/downstream_genefull_velocyto_cellbender/gene_quantile_histogram.png	189896	/mnt/pikachu/JAX_scRNAseq02_processed/ocm_prod_batch_flex_native_yremove_trace_20260521T034223Z/25E34-L3/samples/WT-PrS-20pct-Day-5/downstream_genefull_velocyto_cellbender_remote/gene_quantile_histogram.png	2026-05-22T06:43:00Z	/JAX_scRNAseq02_processed/JAX-scRNAseq02-5-22-26/WT-PrS-20pct-Day-5/downstream_genefull_velocyto_cellbender/gene_quantile_histogram.png
JAX scRNAseq02	WT-PrS-20pct-Day-5	WT-PrS-20pct-Day-5/downstream_genefull_velocyto_cellbender/non_empty_barcodes.txt	158973	/mnt/pikachu/JAX_scRNAseq02_processed/ocm_prod_batch_flex_native_yremove_trace_20260521T034223Z/25E34-L3/samples/WT-PrS-20pct-Day-5/downstream_genefull_velocyto_cellbender_remote/non_empty_barcodes.txt	2026-05-22T06:39:58Z	/JAX_scRNAseq02_processed/JAX-scRNAseq02-5-22-26/WT-PrS-20pct-Day-5/downstream_genefull_velocyto_cellbender/non_empty_barcodes.txt
JAX scRNAseq02	WT-PrS-20pct-Day-5	WT-PrS-20pct-Day-5/downstream_genefull_velocyto_cellbender/summary.txt	11806	/mnt/pikachu/JAX_scRNAseq02_processed/ocm_prod_batch_flex_native_yremove_trace_20260521T034223Z/25E34-L3/samples/WT-PrS-20pct-Day-5/downstream_genefull_velocyto_cellbender_remote/summary.txt	2026-05-22T07:20:48Z	/JAX_scRNAseq02_processed/JAX-scRNAseq02-5-22-26/WT-PrS-20pct-Day-5/downstream_genefull_velocyto_cellbender/summary.txt
JAX scRNAseq02	WT-PrS-20pct-Day-5	WT-PrS-20pct-Day-5/downstream_genefull_velocyto_cellbender/unfiltered_counts.h5ad	935318326	/mnt/pikachu/JAX_scRNAseq02_processed/ocm_prod_batch_flex_native_yremove_trace_20260521T034223Z/25E34-L3/samples/WT-PrS-20pct-Day-5/downstream_genefull_velocyto_cellbender_remote/unfiltered_counts.h5ad	2026-05-22T07:20:37Z	/JAX_scRNAseq02_processed/JAX-scRNAseq02-5-22-26/WT-PrS-20pct-Day-5/downstream_genefull_velocyto_cellbender/unfiltered_counts.h5ad
JAX scRNAseq02		README.txt	1411	/mnt/pikachu/JAX_scRNAseq02_handoff/JAX-scRNAseq02-5-22-26/README.txt	2026-05-22T13:55:26Z	/JAX_scRNAseq02_processed/JAX-scRNAseq02-5-22-26/README.txt
JAX scRNAseq02		MANIFEST.tsv	80381	/mnt/pikachu/JAX_scRNAseq02_handoff/JAX-scRNAseq02-5-22-26/MANIFEST.tsv	2026-05-22T13:55:26Z	/JAX_scRNAseq02_processed/JAX-scRNAseq02-5-22-26/MANIFEST.tsv
JAX scRNAseq02		PROVENANCE.md	1242	/mnt/pikachu/JAX_scRNAseq02_handoff/JAX-scRNAseq02-5-22-26/PROVENANCE.md	2026-05-22T13:55:26Z	/JAX_scRNAseq02_processed/JAX-scRNAseq02-5-22-26/PROVENANCE.md
